id,cmo_organization_name,cmo_party_type,cmo_sub_type,cmo_address_comp,cmo_ready_flag,primary_eid,cmo_primary_duns
58914647,SUPREME TECHNOLOGIES INC,ORGANIZATION,SUPPLIER,22211 S GALAHAD DR JOLIET IL 60404-7612^~3000 NW 107TH AVE DORAL FL 33172-2133^~6030 S HARDING ST INDIANAPOLIS IN 46217-9596,true,105062943,
59096451,FETA MED INC,ORGANIZATION,SUPPLIER,"3620 HORIZON DR KING OF PRUSSIA PA 19406-4706^~3620 HORIZON DRIVE KING OF PRUSSIA PA 19406^~530 S HENDERSON RD KING OF PRUSSIA PA 19406-4210^~530 S HENDERSON RD STE D KING OF PRUSSIA PA 19406-4211^~530 SO HENDERSON ROAD UNIT D KING OF PRUSSIA PA 19406-4211^~530 SO HENDERSON ROAD, UNIT D KING OF PRUSSIA PA 19406-4211^~530 SO. HENDERSON RD. UNIT D KING OF PRUSSIA PA 19406-4211^~530 SO. HENDERSON RD.UNIT D KING OF PRUSSIA PA 19406-4211^~FORMERLY ATLANTIC MEDICAL SPECIAL KING OF PRUSSIA PA 19406",true,104004297,
58805873,IRRIMAX CORP,ORGANIZATION,SUPPLIER,"*4510 NW 6TH PLACE STE 1A GAINESVILLE FL 32607^~1665 LAKES DR STE 102 ATLANTA GA 30339-5217^~1665 LAKES PARKWAYSUITE 102 LAWRENCEVILLE GA 30043^~1665 LAKES PKWY STE 102 LAWRENCEVILLE GA 30043-5879^~1792 BELL TOWER LN WESTON FL 33326-3682^~4510 NORTHWEST 6TH PI, #1A GAINESVILLE FL 32607",true,104024284,
59027259,PARKS MEDICAL ELECTRONICS INC,ORGANIZATION,SUPPLIER,"-- -  -^~10511 VALLEY BLVD EL MONTE CA 91731-2403^~11235 SE HWY 212 CLACKAMAS OR 97015^~1325 W 1ST AVE STE 306 SPOKANE WA 99201-4600^~1634 FAWN BLF SAN ANTONIO TX 78248-1582^~1751 YEAGER AVE LA VERNE CA 91750-5849^~17855 E MACLAREN ST INDUSTRY CA 91744^~19460 S. W. SHAW ALOHA OR 97006^~19460 SW SHAW ALOHA  97007^~19460 SW SHAW ALOHA OR 97007^~19460 SW SHAW ALOHA OR 97078^~19460 SW SHAW ST ALOHA OR 97007-1242^~19460 SW SHAW ST ALOHA OR 97078^~19460 SW SHAW ST ALOHA OR 97078-1242^~19460 SW SHAW ST BEAVERTON OR 97007-1242^~19460 SW SHAW ST BEAVERTON OR 97078-1242^~287 GREAT VALLEY PKWY MALVERN PA 19355-1308^~401 ISOM, SUITE 520 SAN ANTONIO TX 78216^~538 OLD EAGLE SCHOOL RD WAYNE PA 190870725^~5405 BANDERA RD SAN ANTONIO TX 78238-1954^~5405 BANDERA RD STE 130 SAN ANTONIO TX 78238-1949^~600 S. EASTERN AVENUE SUITE 10B LAS VEGAS NV 89119^~600 S. EASTERN AVENUESUITE 10B LAS VEGAS NV 89119^~600 S. EASTERN STE 10B LAS VEGAS NV 89119^~6000 S EASTERN #10-B LAS VEGAS NV 89119^~6000 S EASTERN AVE LAS VEGAS NV 89119-3125^~6000 S EASTERN AVE STE 10B LAS VEGAS NV 89119-3156^~6000 S EASTERN AVE STE 10D LAS VEGAS NV 89119-3156^~6000 S EASTERN AVENUE SUITE 10B LAS VEGAS NV 89119^~6000 S EASTERN AVENUESUITE 10B LAS VEGAS NV 89119^~6000 S EASTERN AVESALES INC SUITE 10B LAS VEGAS NV 89119-3125^~6000 S EASTERN STE 10-B LAS VEGAS NV 89119^~6000 S EASTERN SUITE 10-B LAS VEGAS  89119^~6000 S EASTERN SUITE 10-B LAS VEGAS NV 89119^~6000 S EASTERNSUITE 10-B LAS VEGAS NV 89119^~6000 SOUTH EASTERN STE 10-B LAS VEGAS NV 89119^~7231 S EASTERN AVE, SUITE B126 LAS VEGAS NV 89119^~7431 REINDEER TRAIL #2 SAN ANTONIO TX 78238^~7431 REINDEER TRL # 2 SAN ANTONIO TX 78238-1228^~7431 REINDEER TRL SAN ANTONIO TX 78238-1228^~7431 REINDEER TRL STE 2 SAN ANTONIO TX 78238-1228^~7431 REINDEER TRL UNIT 2 SAN ANTONIO TX 78238-1228^~915 MONTGOMERY AVE. NARBERTH PA 19072^~P O BOX 5669 ALOHA OR 97006^~P O BOX 725 SOUTHEASTERN PA 19399^~P.O. BOX 5669 ALOHA OR 97006^~PO BOX 2109 CLACKAMAS OR 97015^~PO BOX 5669 ALOHA OR 97006-0669^~PO BOX 617 WAYNE PA 19087-0617^~PO BOX 625 GRESHAM OR 97030-0156^~PO BOX 725 SOUTHEASTERN PA 19399-0725",true,104002823,
58820502,BIOFIRE DIAGNOSTICS LLC,ORGANIZATION,SUPPLIER,3175 STALEY RD GRAND ISLAND NY 14072-2028^~390 S WAKARA WAY SALT LAKE CITY UT 84108-1214^~390 S. WAKARA WAY SALT LAKE CITY UT 84108^~390 WAKARA WAY SALT LAKE CITY UT 84108^~515 COLOROW DRIVE ATLANTA GA 30338^~515 COLOROW WAY SALT LAKE CITY UT 84108^~515 S COLOROW DR SALT LAKE CITY UT 84108-1248^~515 S COLOROW DR SALT LAKE CTY UT 84108-1248^~79 W 4500 S SALT LAKE CITY UT 84107-2649^~PO BOX 581463 SALT LAKE CITY UT 84158-1463,true,104066721,
58977372,MEDELA INC,ORGANIZATION,SUPPLIER,"*1101 CORPORATE DRIVE MCHENRY IL 60050^~-- -  -^~1101 CORP DR MCHENRY IL 60060^~1101 CORPORATE DR MCHENRY IL 60050-7006^~1101 CORPORATE DR P. O. BOX 660 MCHENRY IL 60050-7006^~1101 CORPORATE DR. MCHENRY IL 60050^~1101 CORPORATE DRIVE MCHENRY IL 60050^~1101 CORPORATE DRIVE MCHENRY IL 60060^~1101 CORPORATE DRP. O. BOX 660 MCHENRY IL 60050-7006^~1108 CORPORATE DR MCHENRY IL 60050-7006^~120 HOMEWOOD AVE 2208 TORONTO ON M4Y 2J3^~2222 E HWY 54 STEB-180 DURHAM NC 27713^~2222 E NC HWY 54 BETA BLDG, STE 180 DURHAM NC 27713^~2222 E NC HWY 54BETA BLDG, STE 180 DURHAM NC 27713^~2222 EAST HIGHWAY 54 DURHAM NC 27713^~2228 PAGE ROAD, SUITE 107 DURHAM NC 27703^~2511 BOLD CORNWALLIS RD DURHAM NC 27713^~2511 OLD CORNWALLIS RD # 100 DURHAM NC 27713-1884^~2511 OLD CORNWALLIS RD DURHAM NC 27713^~2511 OLD CORNWALLIS RD DURHAM NC 27713-1869^~2511 OLD CORNWALLIS RD STE 100 DURHAM NC 27713-1884^~2645 MERIDIAN PKWY DURHAM NC 27713-9957^~2645 MERIDIAN PKWY STE 100 DURHAM NC 27713-4232^~2645 MERIDIAN PKWY STE 100SUITE 100 DURHAM NC 27713-4232^~2900 CORPORATE WAY MIRAMAR FL 33025^~38789 EAGLE WAY CHICAGO IL 60678-1387^~38789 EAGLEWAY CHICAGO IL 60678-1387^~4090 B SLADEVIEW CRES MISSISSAUGA ON L5L 5Y5^~4090 B SLADEVIEW CRESC UNIT 2 MISSISSAUGA  L5L 5Y5^~4090 B SLADEVIEW CRESCUNIT 2 MISSISSAUGA  L5L 5Y5^~4160 SLADEVIEW CRES UNIT 8 MISSISSAUGA ON L5L 0A1^~4160 SLADEVIEW CRES UNIT 8 UNIT 8 UNIT 8 MISSISSAUGA ON L5L 0A1^~4160 SLADEVIEW CRES UNIT 8UNIT 8 UNIT 8 MISSISSAUGA ON L5L 0A1^~785 CHALLENGER ST BREA CA 92821-2948^~8-4160 SLADEVIEW CRES MISSISSAUGA ON L5L 0A1^~N7W22081 JOHNSON DR WAUKESHA WI 53186-1856^~P.O. BOX 386B CRYSTAL LAKE  60051-0579^~PO BOX 660 MCHENRY IL 60051-0660^~RENTA 1101 CORPORATE DRIVE MCHENRY  60050^~RENTA1101 CORPORATE DRIVE MCHENRY  60050",true,101087851,052002029
59285664,CME,ORGANIZATION,SUPPLIER,1206 JEFFERSON BLVC WARWICK RI 02886^~1206 JEFFERSON BLVD WARWICK RI 02886-2204^~1247 W GROVE AVE ORANGE CA 92865-4135^~1247 W GROVE AVENUE ORANGE CA 92865^~2886 E BLUE STAR STREET ANAHEIM CA 92806^~451 WARWICK INDUSTRIAL DR WARWICK RI 02886-2460^~625 LOCUST ST GARDEN CITY NY 11530-6557^~625 LOCUST ST STE 100 GARDEN CITY NY 11530-6557,true,104227591,
58762104,CASE MEDICAL INC,ORGANIZATION,SUPPLIER,"*65 RAILROAD AVENUE RIDGEFIELD NJ 07657^~12007 S KENT RD HAVEN KS 67543-8170^~1545 HOLLAND RD STE F MAUMEE OH 43537-1691^~1545 HOLLAND RD STE F1650 INDIAN WOOD CIRCLE SUITE 200 MAUMEE OH 43537-1691^~1686 EAST PRESIDENT STREET SAVANNAH GA 31404^~19 EMPIRE BLVD S HACKENSACK NJ 07606-1805^~19 EMPIRE BLVD SOUTH HACKENSACK NJ 07606^~19 EMPIRE BLVD SOUTH HACKENSACK NJ 07606-1805^~23146 NETWORK PL CHICAGO IL 60673-1231^~3033 N 3RD AVE PHOENIX AZ 85013-4447^~50 WEST ST BLOOMFIELD NJ 07003-4956^~65 RAILROAD AVE RIDGEFIELD NJ 07657^~65 RAILROAD AVE RIDGEFIELD NJ 07657-0296^~65 RAILROAD AVE RIDGEFIELD NJ 07657-2140^~885 E COLLINS BLVD RICHARDSON TX 75081-2285^~885 E COLLINS BLVD STE 110 RICHARDSON TX 75081-2270^~885 EAST COLLINS BOULEVARD, SUITE 110 RICHARDSON TX 75081^~P.O. BOX 5069 SOUTH HACKENSACK NJ 7606^~P.O.BOX 5069 SOUTH HACKENSACK NJ 07606^~PO BOX 402325 ATLANTA GA 30384-2325^~PO BOX 5069 EIN 22-3182495 SOUTH HACKENSACK NJ 07606-4269^~PO BOX 5069 HACKENSACK NJ 07606^~PO BOX 5069 S HACKENSACK NJ 07606-4269^~PO BOX 5069 SOUTH HACKENSACK NJ 07606^~PO BOX 5069 SOUTH HACKENSACK NJ 07606-4269^~PO BOX 5069EIN 22-3182495 SOUTH HACKENSACK NJ 07606-4269^~PO BOX 848 RIDGEFIELD NJ 07657-0848^~PO BOX CAS PITTSBURGH PA 15251-2660",true,104007351,
59006475,MUSCULOSKELETAL TRANSPLANT FOUNDATION,ORGANIZATION,SUPPLIER,"-- -  -^~1040 BROAD ST SHREWSBURY NJ 07702-4331^~110, 111 BRUNEL RD MISSISSAUGA ON L4Z 1X3^~125 MAY ST EDISON NJ 08837-3264^~125 MAY ST STE 300 EDISON CORP. CENTER EDISON NJ 08837-3264^~125 MAY ST STE 300 EDISON NJ 08837-3264^~125 MAY ST STE 300EDISON CORP. CENTER EDISON NJ 08837-3264^~125 MAY ST SUITE 300 EDISON NJ 08837^~125 MAY STREET EDISON NJ 08773^~125 MAY STREET EDISON NJ 08837^~125 MAY STREET EDISON NJ 8837^~125 MAY STREET WALKERTON ON N0G 2V0^~125 MAY STREET, SUITE 300 EDISON NJ 08837^~125 MAY STREETSUITE 300 EDISON NJ 08837^~125 MY STREET, SUITE 300 EDISON NJ 08837^~125 MY STREETSUITE 300 EDISON NJ 08837^~1690 RUSSELL PAOLI PA 19301^~1795 ORANGE TREE LN STE A REDLANDS CA 92374-0105^~1795-A ORANGE TREE LANE REDLANDS CA 92374^~1940 QUAIL HOLLOW DR CUMMING GA 30041-7252^~300-125 MAY STREET EDISON  8837^~960 HOLMDEL RD HOLMDEL NJ 07733-2138^~960 HOLMDEL RD HOLMDEL NJ 7733^~960 HOLMDEL RDFOUNDATION HOLMDEL NJ 07733-2138^~9760 S 60TH ST FRANKLIN WI 53132-8644^~EDISON CORPORATE CENTER 125 MAY ST STE 300 EDISON NJ 08837^~EDISON CORPORATE CENTER EDISON NJ 08837^~EDISON CORPORATE CENTER EDISON NJ 8837^~FOUNDATION PO BOX 415911 BOSTON MA 02241^~FOUNDATION PO BOX 415911 BOSTON MA 02241-0001^~FOUNDATIONPO BOX 415911 BOSTON MA 02241-0001^~P O BOX 23308 NEWARK  07189-2100^~P O BOX 23308 NEWARK NJ 07189^~P O BOX 23308 NEWARK NJ 07189-0000^~P O BOX 415911 BOSTON MA 2241^~P.O. BOX 23308 NEWARK NJ 7189^~P.O. BOX 2672 POSTAL STATION A TORONTO  M5W 2N7^~PO BOX 162 LITTLE SILVER NJ 07739^~PO BOX 2672 TORONTO ON M5W 2N7^~PO BOX 415911 BOSTON MA 02241-5911^~PO BOX 8538662 PHILADELPHIA PA 19171-0001^~PO BOX 905890 CHARLOTTE NC 28290-5890^~POBOX 415911 BOSTON MA 02241",true,104000141,187560545
59173921,SPECTRUM MEDICAL,ORGANIZATION,SUPPLIER,"132 PHILADELPHIA LN JASPER GA 30143-7720^~2091 COLLIER CORPORATE PKWY SAINT CHARLES MO 63303-6701^~3601 N MAY AVE STE A OKLAHOMA CITY OK 73112-6659^~406 HOOD RD JASPER GA 30143-1152^~481 MUNN RD E STE 180 FORT MILL SC 29715-8414^~481 MUNN RD E, SUITE 180 FORT MILL SC 29715^~481 MUNN RD STE 180 FORT MILL SC 29715-8414^~481 MUNN RD STE 250 FORT MILL SC 29715-8462^~481 MUNN ROAD E SUITE 180 FORT MILL SC 29715^~481 MUNN ROAD ESUITE 180 FORT MILL SC 29715^~487 MUNN RD STE 180 FORT MILL SC 29715-8478^~82 ROBIN DR CARTERSVILLE GA 30120^~8820 BROOKVILLE RD SILVER SPRING MD 20910-1803",true,104066418,
59355777,NANOSONICS INC,ORGANIZATION,SUPPLIER,*11793 TECHNOLOGY LANE FISHERS IN 46038^~.. . . .^~11793 TECHNOLOGY LANE FISHERS IN 46038^~11793 TECHNOLOGY LN FISHERS IN 46038-2889^~1209 KINGSLEY CT LOWER GWYNEDD PA 19002-2120^~7205 E 87TH ST INDIANAPOLIS IN 46256-1204^~7205 E 87TH STREET INDIANAPOLIS IN 46256^~DEPT CH 10899 PALATINE IL 60055-0899^~PO BOX 752 COLUMBUS IN 47202^~PO BOX 752 COLUMBUS IN 47292-0752,true,104150606,066472423
58943773,US SURGITECH,ORGANIZATION,SUPPLIER,327 VILLAGE DR CAROL STREAM IL 60188^~327 VILLAGE DR CAROL STREAM IL 60188-1828^~470 MISSION ST CAROL STREAM IL 60188-9424^~470 MISSION ST UNIT 6 CAROL STREAM IL 60188-9424^~551 KIMBERLY DR CAROL STREAM IL 60188-1835^~551 KIMBERLY DRIVE CAROL STREAM IL 60188^~NA NAPA CA NA,true,104055490,
59056026,IMBED BIOSCIENCES INC,ORGANIZATION,SUPPLIER,510 CHARMANY DR STE 175D MADISON WI 53719-1293^~5520 NOBEL DRIVE #100 FITCHBURG WI 53711,true,104286550,
58834388,TENNANT CO,ORGANIZATION,SUPPLIER,-- -  -^~12875 RANSOM ST HOLLAND MI 49424-9273^~701 LILAC DR N MINNEAPOLIS MN 55422-4611^~701 LILAC DR N MINNEAPOLIS MN 55422-4687^~701 LILAC DR NP.O. BOX 1452 MINNEAPOLIS MN 55422-4611^~701 N LILAC DR GOLDEN VALLEY MN 55422^~701 N. LILAC DRIVE MINNEAPOLIS PA 55440-1452^~COMMERCIAL PRODUCTSPO BOX 71414 CHICAGO IL 60694^~PO BOX 1452 MINNEAPOLIS MN 55440-1452^~PO BOX 71414 CHICAGO IL 60694-1414^~PO BOX 931 MINNEAPOLIS MN 55440-0931,true,104006969,
59434019,CONTEC INC,ORGANIZATION,SUPPLIER,*525 LOCUST GROVE SPARTANBURG SC 29303^~525 LOCUST GRV SPARTANBURG SC 29303-4832^~PO BOX 530 SPARTANBURG  29304,true,104060292,197223357
58842242,MICROBIOLOGICS INC,ORGANIZATION,SUPPLIER,1040 MANCHESTER ST LEXINGTON KY 40508-2422^~200 14TH AVENUE EAST SARTELL MN 56377^~200 COOPER AVE N SAINT CLOUD MN 56303-4440^~200 COOPER AVENUE NORTH SAINT CLOUD MN 56303^~200 COOPER AVENUE NORTH ST. CLOUD MN 56303^~217 OSSEO AVE N SAINT CLOUD MN 56303-4452,true,104020518,
59216887,SUMMIT MEDICAL LLC,ORGANIZATION,SUPPLIER,"101 CONSTITUTION BLVD STE B FRANKLIN MA 02038-2587^~1270 EAGAN INDUSTRIAL RD SAINT PAUL MN 55121-1369^~1270 EAGAN INDUSTRIAL RD ST. PAUL MN 55121-1385^~1270 EAGAN INDUSTRIAL RD STE 120 SAINT PAUL MN 55121-1385^~1285 CORPORATE CENTER DR SAINT PAUL MN 55121-1267^~1285 CORPORATE CENTER DR STE 150 EAGAN MN 55121-1278^~13502 WHITTIER BLVD STE H WHITTIER CA 90605-1944^~13502 WHITTIER, BLVD, SUITE H #201 WHITTIER, CA 90605-1944^~13796 COMPARK BLVD ENGLEWOOD CO 80112^~143-3 11 BELLEROSE DR ST ALBERT AB T8N 5C9^~14405 MAPLE ST OVERLAND PARK KS 66223-1256^~207-A PARK COURT RIDGELAND MS 39157^~31 HAYWARD ST FRANKLIN MA 02038-2166^~31 HAYWARD ST STE H-1 FRANKLIN MA 02038^~31 HAYWARD ST STE H1 FRANKLIN MA 02038-2166^~504 W 8360 S SANDY UT 84070-6440^~6082 ARLYNE LN MEDINA OH 44256-6809^~6248 S TROY CIR CENTENNIAL CO 80111-6484^~6248 S TROY CIR STE A CENTENNIAL CO 80111-6485^~6248 S TROY CIRCLE UNIT A CENTENNIAL CO 80111^~6248 SO TROY CIRCLE UNIT A CENTENNIAL CO 80111^~6248 SOUTH TROY CIRCLE CENTENNIAL CO 80111^~6248 SOUTH TROY CIRCLE UNIT 1 CENTENNIAL  80111^~6248 SOUTH TROY CIRCLE UNIT A CENTENNIAL CO 08111^~6248 SOUTH TROY CIRCLE UNIT A CENTENNIAL CO 80111^~6248 SOUTH TROY CIRCLEUNIT 1 CENTENNIAL  80111^~6248 SOUTH TROY CIRCLEUNIT A CENTENNIAL CO 08111^~6248 SOUTH TROY CIRCLEUNIT A CENTENNIAL CO 80111^~64519 HWY 41 SUITE 7 PEARL RIVER LA 70452^~7002 S REVERE PARKWAY ST 70 ENGLEWOOD  80112^~7002 S REVERE PKWY STE 60 CENTENNIAL CO 80112-6703^~7002 S REVERE PKWY STE 70 CENTENNIAL CO 80112-6703^~7002 S. REVERE PARKWAY SUITE 60 ENGLEWOOD CO 80112^~7002 S. REVERE PARKWAYSUITE 60 ENGLEWOOD CO 80112^~7300 S TUCSON WAY CENTENNIAL CO 80112^~7332 S ALTON WAY STE. H CENTENNIAL CO 80112^~7345 S PIERCE ST # 202C LITTLETON CO 80128-7207^~7747 EDGEWATER COURT LONE TREE CO 80124^~809 TURNPIKE AVE CLEARFIELD PA 16830-1232^~810 NORTHWEST PKY, STE. 100 ST PAUL MN 55121^~815 NORTHWEST PARKWAY ST PAUL MN 55121-1385^~815 NORTHWEST PARKWAY SUITE 100 ST PAUL  55121^~815 NORTHWEST PARKWAY SUITE 100 ST. PAUL MN 55121^~815 NORTHWEST PARKWAY, STE 100 ST. PAUL MN 55121^~815 NORTHWEST PARKWAYSUITE 100 ST. PAUL MN 55121^~815 NORTHWEST PKWY SAINT PAUL MN 55121-1579^~815 NORTHWEST PKWY STE 100 SAINT PAUL MN 55121-1578^~815 NORTHWEST PKWY STE 100 SAINT PAUL MN 55121-1658^~815 NORTHWEST PKWYSUITE 100 SAINT PAUL MN 55121^~815 NW PARKWAY SUITE 100 EAGAN MN 55121^~815 NW PARKWAYSUITE 100 EAGAN MN 55121^~815 VIKINGS PKWY SAINT PAUL MN 55121-1139^~815 VIKINGS PKWY STE 100 SAINT PAUL MN 55121-1139^~9400 E PRENTICE AVE GREENWOOD VILLAGE CO 80111^~PO 6208 CAROL STREAM IL 60197^~PO BOX 619 EUDORA KS 66025-0619^~PO BOX 6208 CAROL STREAM IL 60197-6208^~PO BOX 771826 CHICAGO IL 60677-1826^~SUITE 100 SAINT PAUL MN 55121",true,103036784,105198102
58851364,CELL MARQUE,ORGANIZATION,SUPPLIER,-- -  -^~100 GREENWOOD AVE HOT SPRINGS AR 71913-4427^~100 GREENWOOD AVE SUITE B HOT SPRINGS AR 71913^~100 GREENWOOD AVESUITE B HOT SPRINGS AR 71913^~500 CAPITAL OF TEXAS HIGHWAY NORTH BLDG I-110 AUSTIN TX 78746^~500 CAPITAL OF TEXASHIGHWAY NORTH BLDG I-110 AUSTIN TX 78746^~6600 SIERRA COLLEGE BLVD ROCKLIN CA 95677^~6600 SIERRA COLLEGE BLVD ROCKLIN CA 95677-4306^~6600 SIERRA COLLEGE BOULEVARD ROCKLIN CA 95677^~734271 NETWORK PL CHICAGO IL 60673-4271^~DEPT 951 PHOENIX AZ 85072^~DEPT 951 PO BOX 52194 PHOENIX AZ 85072-2194^~HWY N BUILDING 1 SUITE 110 AUSTIN TX 78746^~PO BOX 52194 DEPT 951 PHOENIX AZ 85072-2194^~PO BOX 52194 PHOENIX AZ 85072-2194^~PO BOX 52194DEPT 951 PHOENIX AZ 85072-2194,true,104006561,
59448765,TELA BIO,ORGANIZATION,SUPPLIER,1 GREAT VALLEY PARKWAY STE 1 MALVERN PA 19355^~1 GREAT VALLEY PARKWAY STE24 MALVERN PA 19355^~1 GREAT VALLEY PARKWAY SUITE 24 MALVERN PA 19355^~1 GREAT VALLEY PARKWAYSTE24 MALVERN PA 19355^~1 GREAT VALLEY PKWY MALVERN PA 19355-1423^~1 GREAT VALLEY PKWY STE 24 MALVERN PA 19355-1423^~PO BOX 392678 PITTSBURGH PA 15251-9678,true,104243950,
59286390,MERZ NORTH AMERICA INC,ORGANIZATION,SUPPLIER,-- -  -^~1875 S GRANT ST STE 110 SAN MATEO CA 94402-2667^~4122 COURTNEY RD # 10 FRANKSVILLE WI 53126-9794^~4133 COURTNEY RD #10 FRANKSVILLE WI 53126^~4133 COURTNEY RD FRANKSVILLE WI 53126-9127^~4133 COURTNEY RD STE 10 FRANKSVILLE WI 53126-9127^~4133 CTNEY RDSTE 10 FRANKSVILLE WI 53126^~4215 TUDOR LANE GREENSBORO NC 27410^~4215 TUDOR LANE GREENSBORO NORTH CAROLINA 27410^~4215 TUDOR LN GREENSBORO NC 27410-8105^~6501 SIX FORKS RD RALEIGH NC 27615-6515^~6501 SIX FORKS ROAD RALEIGH NC 27615^~DEPARTMENT 2073 DENVER CO 80291-0001^~DEPT 2073 DENVER CO 80291-0001^~DEPT 703 DENVER CO 80291^~DEPT CH 17787 PALATINE IL 60055-7787^~PO BOX 10763 PALATINE IL 60055-0973^~PO BOX 10973 PALATINE IL 11050^~PO BOX 10973 PALATINE IL 60055-0973^~PO BOX 245 FRANKSVILLE WI 53126-0245^~PO BOX 30730ACCOUNTS PAYABLE MIDDLEBURG HTS OHIO 44130^~PO BOX 5700 ORANGE CA 92863^~PO BOX 912073 CHICAGO IL 60693^~PO BOX 912073 DENVER CO 80291-2073^~PO BOX 912073DEPT 2073 DENVER CO 80291-2073,true,104002587,
58909190,AQUA SOLUTIONS INC,ORGANIZATION,SUPPLIER,413 W JEFFERSON ST OTTAWA IL 61350-2808^~8 OLD BURNT MOUNTAIN ROAD JASPER GA 30143,true,377843329,
59030250,VTECH INC,ORGANIZATION,SUPPLIER,2338 IMMOKALEE RD NAPLES FL 34110-1445^~306 OTTERSON DR STE 100 CHICO CA 95928-8250,true,104054681,
59082825,ENOVA ILLUMINATION,ORGANIZATION,SUPPLIER,1717 BROADWAY ST NE MINNEAPOLIS MN 55413-2638^~1839 BUERKLE RD SAINT PAUL MN 55110-5246,true,377917952,
59283400,BRACCO DIAGNOSTICS INC,ORGANIZATION,SUPPLIER,102 MELRICH ROAD CRANBURY NJ 8512^~103-2600 SKYMARK AVE MISSISSAUGA ON L4W 5B2^~107 COLLEGE RD E PRINCETON NJ 08540-6612^~107 COLLEGE RD E PRINCETON NJ 08540-6623^~107 COLLEGE RD. E PRINCETON NJ 8540^~107 COLLEGE RD. EAST PRINCETON NJ 08540-6623^~107 COLLEGE ROAD EAST PRINCETON NJ 08540^~107 COLLEGE ROAD EAST PRINCETON NJ 08543^~107 COLLEGE ROAD EAST PRINCETON NJ 8540^~11065 BOUL LOUIS-H- LAFONTIANE BLVD ANJOU QC H1J 2Z4^~11065 BOUL LOUIS-H.-LAFONTAINE ANJOU QC H1J 2Z4^~11065 L-H-LAFONTAINE BLVD ANJOU QC H1J 2Z4^~11065 LOUIS H LAFONTAINE ANJOU  H1Y 2Z4^~11065 LOUIS H LAFONTAINE ANJOU QC H1J 2Z4^~11065 LOUIS H LAFONTAINE MONTREAL  H1J 2Z4^~11065 LOUIS H. LAFONTAINE ANJOU QC H1Z 2Z4^~1111 MARCUS AVE LAKE SUCCESS NY 11042^~1111 MARCUS AVE NEW HYDE PARK NY 11042-1034^~1111 MARCUS AVE STE M60 NEW HYDE PARK NY 11042-1034^~13993 COLLECTION CENTER DR CHICAGO IL 60693-0139^~13993 COLLECTIONS CENTER DR CHICAGO IL 60693^~259 PROSPECT PLAINS BUILDING H MONROE TOWNSHIP NJ 8831^~259 PROSPECT PLAINS RD BLDG HBRACCO DIAGNOSTICS INC MONROE NJ 08831-3820^~259 PROSPECT PLAINS RDBUILDING H MONEROE TOWNSHIP NJ 08831^~400-1705 CORPORATE DR NORCROSS GA 30093^~717 MAIN ST WESTBURY NY 11590-5021^~7905 FULLER RD EDEN PRAIRIE MN 55344^~7905 FULLER RD EDEN PRAIRIE MN 55344-2137^~7905 FULLER ROAD EDEN PRAIRIE MN 55344^~7905 FULLER ROAD EDEN PRARIE MN 55344^~P O BOX 101747 ATLANTA GA 30392-1747^~P O BOX 5225 PRINCETON NJ 08543^~PO BOX 101747 ATLANTA GA 30392-1747^~PO BOX 532411 CHARLOTTE NC 28290-2411^~PO BOX 6814 NEW YORK NY 10249-6814^~PO BOX 906021 CHARLOTTE NC 28290-6021^~PO BOX 978952 DALLAS TX 75397-8952^~PO BOX 978975 DALLAS TX 75397-8975^~PO BOX 9798975 DALLAS TX 75397-8975,true,103029360,849234661
59410346,SOUTH WEST TECHNOLOGY,ORGANIZATION,SUPPLIER,1746 E LEVEE ST N KANSAS CITY MO 64116-4404^~1746 LEVEE ROAD NORTH KANSAS CITY MO 64116^~3045 S ARCHIBALD AVE STE H-217 ONTARIO CA 91761-9001,true,104065553,
59341983,EHOB INC,ORGANIZATION,SUPPLIER,"250 N BELMONT AVE INDIANAPOLIS IN 46222^~250 N BELMONT AVE INDIANAPOLIS IN 46222-4265^~250 N BELMONT AVEEHOB, INC INDIANAPOLIS IN 46222-4265^~250 N. BELMONT AVE. INDIANAPOLIS IN 46222^~250 NORTH BELMONT AVE INDIANAPOLIS IN 46222^~250 NORTH BELMONT AVENUE INDIANAPOLIS IN 46222^~DEPT CH 17447 PALATINE IL 60055-7447",true,104009016,
59442583,NEW AGE MEDICAL LLC,ORGANIZATION,SUPPLIER,11 WORTHINGTON ACCESS DR STE B MARYLAND HEIGHTS MO 63043-3804^~11B WORTHINGTON ACCESS DRIVE MARYLAND HEIGHTS MO 63043^~3529 ANDERSON ST MADISON  53704^~3529 ANDERSON ST MADISON WI 53074^~3529 ANDERSON ST MADISON WI 53704-2560^~3529 ANDERSON STREET MADISON WI 53704^~645 SPIRIT VALLEY CENTRAL DR CHESTERFIELD MO 63005-1030,true,104052504,
58735048,GLAUKOS CORP,ORGANIZATION,SUPPLIER,229 AVENIDA FABRICANTE SAN CLEMENTE CA 92672^~229 AVENIDA FABRICANTE SAN CLEMENTE CA 92672-7531^~26051 MERIT CIR LAGUNA HILLS CA 92653-7008^~26051 MERIT CIR STE 103 LAGUNA HILLS CA 92653-7008^~26051 MERIT CIR STE 107 LAGUNA HILLS CA 92653-7008^~26051 MERIT CIRCLE LAGUNA HILLS CA 92653^~26051 MERIT CIRCLE SUITE 103 LAGUNA HILLS CA 92653^~26051 MERIT CIRCLESUITE 103 LAGUNA HILLS CA 92653^~P.O. BOX 741074 LOS ANGELES CA 900074^~PO BOX 31244ACCOUNTS PAYABLE MSC 903 SALT LAKE CITY UT 84131-0244^~PO BOX 741074 LOS ANGELES CA 90074-0546^~PO BOX 741074 LOS ANGELES CA 90074-1074^~PO BOX 741074 LOS ANGLES CA 90074-1074^~PO BOX 741074ACCOUNTS PAYABLE LOS ANGELES CA 90074-1074,true,104070492,
59066844,JOIMAX INC,ORGANIZATION,SUPPLIER,14 GOODYEAR STE 145 IRVINE CA 92618-3759^~140 TECHNOLOGY DR STE 150 IRVINE CA 92618-2453,true,104216194,
59158610,NURSE ASSIST INC,ORGANIZATION,SUPPLIER,3400 NERN CROSS BLVD FORT WORTH TX 76137-2710^~3400 NORTHERN CROSS BLVD FORT WORTH TX 76137-3600^~4409 HALTOM RD HALTOM CITY TX 76117-1207^~5650 STRATUM DR FORT WORTH TX 76118^~PO BOX 961013 FORT WORTH TX 76161-0013,true,104004343,
59236946,GENSTAR TECHNOLOGIES CO INC,ORGANIZATION,SUPPLIER,4525 EDISON AVE CHINO CA 91710-5706,true,377927931,
58877834,AETNA FELT CORP,ORGANIZATION,SUPPLIER,2401 W EMAUS AVE ALLENTOWN PA 18103-7234,true,104034586,
59010502,DEERE  CO,ORGANIZATION,SUPPLIER,,true,109740631,
59269318,SENTREHEART INC,ORGANIZATION,SUPPLIER,1301 MEDICAL CENTER DRB702 NASHVILLE TN 37232^~300 SAGINAW DR REDWOOD CITY CA 94063^~300 SAGINAW DR REDWOOD CITY CA 94063-4743^~300 SAGINAW DRIVE REDWOOD CITY CA 94063,true,104052226,
59031750,ART ROBBINS INSTRUMENTS LLC,ORGANIZATION,SUPPLIER,1293 MOUNTAIN VIEW ALVISO RD STE D SUNNYVALE CA 94089-2241^~2 N PASSAIC AVE CHATHAM NJ 07928-2574^~2 N PASSAIC AVE STE B CHATHAM NJ 07928-2574^~2002 EDWARDS ST HOUSTON TX 77007^~2003 EDWARDS ST HOUSTON TX 77007-4407^~232 MAIN STREET CHATHAM NJ 07928^~PO BOX 441 CHATHAM NJ 07928-0441,true,104025468,002182269
59117188,GENERAL MEDICAL,ORGANIZATION,SUPPLIER,1935 ARMACOST AVE LOS ANGELES CA 90025-5210,true,104235180,
59167748,BIOPLATE INC,ORGANIZATION,SUPPLIER,3643 LENAWEE AVE LOS ANGELES CA 90016^~3643 LENAWEE AVENUE LOS ANGELES CA 90016,true,104004269,
59275646,BIOTEK INSTRUMENTS INC,ORGANIZATION,SUPPLIER,100 TIGAN ST WINOOSKI VT 05404-1356^~100 TIGAN STHIGHLAND INDUSTRIAL PARK WINOOSKI VT 05404-1356^~100 TIGAN STREET YADKINVILLE NC 27055^~PO BOX 29817 NEW YORK NY 10087-9817^~PO BOX 998 WINOOSKI VT 05404^~PO BOX 998 WINOOSKI VT 05404-0998^~PO BOX 998HIGHLAND INDUSTRIAL PARK WINOOSKI VT 05404-0998,true,104052738,
59312909,NEOGEN CORP,ORGANIZATION,SUPPLIER,1845 PAYSPHERE CIR CHICAGO IL 60674^~620 LESHER PLNEOGEN CORPORATION LANSING MI 48912-1509^~NA NAPA CA NA,true,104018658,
59409425,THE JACKSON LABORATORY,ORGANIZATION,SUPPLIER,600 MAIN ST BAR HARBOR ME 04609-1522^~600 MAIN ST BAR HARBOR ME 04609-1523^~600 MAIN ST. BAR HARBOR ME 04609^~610 MAIN STREET BAR HARBOR ME 04609^~PO BOX 90260 CHICAGO IL 60696-0260,true,104028516,
58708698,AMERISOURCEBERGEN CORP,ORGANIZATION,SUPPLIER,"*290 ANDREWS ROAD FEASTERVILLE TREVOSE PA 19053^~1001 TAYLOR RD ROMEOVILLE IL 60446-4265^~1001 W. TAYLOR ROAD ROMEOVILLE IL 60446^~1195 TRADEMARK DR 102C RENO NV 89521-6002^~125 WHIPPLE STREET PROVIDENCE RI 2908^~12601 COLLECTION CNTR DR CHICAGO IL 60693-0001^~1300 MORRIS DR CHESTERBROOK PA 19087-5559^~1300 MORRIS DR STE 100 CHESTERBROOK PA 19087-5559^~1300 MORRIS DRIVE SUITE 100 CHESTERBROOK PA 19087^~1400 BUSCH PKWY BUFFALO GROVE IL 60089-4541^~1501 SOUTHERN RD # MBM/40501 KANSAS CITY MO 64120-1123^~1600 E GRAND BOULEVARD #300 DETROIT MI 48211^~1915 WELSH RD PHILADELPHIA PA 19115-4659^~195 E ELK TRL CAROL STREAM IL 60188-9300^~2 CONWAY PRK 150 N FLD LAKE FOREST IL 60045-2506^~25 CORPORATE DRIVE, SUITE 300 BURLINGTON MA 1803^~2550 JOHN GLENN AVE STE A COLUMBUS OH 43217-1188^~2710 MEDIA CTR DR. STE 120ATTN: LB#100491 BLDG #6 LOS ANGELES CA 90065^~27550 NETWORK PLACE CHICAGO IL 60673-1275^~2801 HORACE SHEPARD DR DOTHAN AL 36303-1069^~3063 FLAT AVE SPRINGFIELD IL 62703^~3101 GAYLORD PKWY FL 3 FRISCO TX 75034-8655^~4000 METROPOLITAN DRIVE ORANGE CA 92868^~4000 W METROPOLITAN DR # 200 ORANGE CA 92868-3504^~4006 BELTLINE ROAD ADDISON TX 75001^~4114 WOODLANDS PKWY SUITE 500 PALM HARBOR FL 34685^~465 STATE ROUTE 17 RAMSEY NJ 7446^~5-7503 35 ST SE CALGARY AB T2C 1V3^~630 FAIRVIEW RD. SUITE 100 SWARTHMORE PA 19078^~6301 LASALLE DR LOCKBOURNE OH 43137-9280^~9145 VINCENT HAMTRAMCK MI 48211^~9900 JEB STUART PKWY GLEN ALLEN VA 23059-6519^~DEPT 0813P.O. BOX 710813 COLUMBUS OH 43271-0813^~P O BOX 9058160 CHARLOTTE NC 28290-5816^~P.O. BOX 530456 ATLANTA GA 30353-0456^~P.O. BOX 905223 CHARLOTTE NC 28290-5223^~PO BOX 5199 LIMERICK PA 19468^~PO BOX 959 CHESTER PA 19016-0959^~PO BOX 959 VALLEY FORGE PA 19482",true,101096943,006906614
58802992,O DELL CORP,ORGANIZATION,SUPPLIER,212 S TRYON ST STE 980 CHARLOTTE NC 28281-0001^~800 W HILL ST FL 3 CHARLOTTE NC 28208-5361,true,377867590,
58947845,RELIABLE CORP,ORGANIZATION,SUPPLIER,55 S COMMERCIAL ST MANCHESTER NH 03101-2606,true,104003603,
59121155,MEDICAL CHEMICAL CORP,ORGANIZATION,SUPPLIER,1843 WESTERN WAY TORRANCE CA 90501^~1909 CENTINELA AVE SANTA MONICA CA 90404-5057^~1909 CENTINELA AVENUE SANTA MONICA CA 90404^~19250 VAN NESS AVE TORRANCE CA 90501-1102^~19430 VAN NESS AV TORRANCE CA 90501^~19430 VAN NESS AVE TORRANCE CA 90501^~19430 VAN NESS AVE TORRANCE CA 90501-1104^~19430 VAN NESS AVE. TORANCE CA 90501^~19430 VAN NESS AVE. TORRENCE CA 90501^~PO BOX 6217 TORRANCE CA 90504-0217,true,104009056,
58948326,SUPERDIMENSION,ORGANIZATION,SUPPLIER,"150 GLOVER AVE NORWALK CT 06850-1308^~161 CHESHIRE LANE PLYMOUTH MN 55441^~161 CHESHIRE LANESUITE 100 PLYMOUTH MN 55441^~161 CHESHIRE LN N MINNEAPOLIS MN 55441-5432^~161 CHESHIRE LN N PLYMOUTH MN 55441-5432^~161 CHESHIRE LN N STE 100 MINNEAPOLIS MN 55441-5433^~161 CHESHIRE LN N STE 100 PLYMOUTH MN 55441-5433^~161 CHESHIRE LN STE 100 PLYMOUTH MN 55441^~161 CHESIRE LANE, SUITE 100 PLYMOUTH MN 55441^~195 MCDERMOTT RD NORTH HAVEN CT 06473-3665^~3555 KOGER BLVD PLYMOUTH MN 55441^~4642 COLLECTION CENTER DR CHICAGO IL 60693-0046^~DEPT 00 10318 PALATINE IL 60055^~DRAWER 198032 ATLANTA GA 30384^~P.O. BOX 120823 DALLAS TX 75312-0823^~PO BOX 120823 DALLAS TX 75312-0823^~PO BOX 848086 DALLAS TX 75284-8086",true,104018820,
59128827,SCOTTCARE CORP,ORGANIZATION,SUPPLIER,321 VENABLE RD WINCHESTER KY 40391^~4791 W 150TH ST CLEVELAND OH 44135^~4791 W 150TH ST CLEVELAND OH 44135-3301^~4791 WEST 150TH STREET CLEVELAND OH 44135^~512 M ST BELLEVILLE KS 66935-1546^~PNC BANK CLEVELAND OH 44193-0001^~PNC BANKP O BOX 73790-N CLEVELAND OH 44193-0001^~PO BOX 73790-N CLEVELAND OH 44193^~PO BOX 73790-N CLEVELAND OH 44193-0001,true,104019351,
59169745,STANLEY CONVERGENT SECURITY SOLUTIONS INC,ORGANIZATION,SUPPLIER,55 SHUMAN BLVD STE 900 NAPERVILLE IL 60563-8488,true,377839592,
59437776,ALCONOX INC,ORGANIZATION,SUPPLIER,30 GLENN ST # 309 WHITE PLAINS NY 10603^~30 GLENN ST STE 309 WHITE PLAINS NY 10603-3252,true,105113139,
59112269,THORLABS INC,ORGANIZATION,SUPPLIER,105 COPPERWOOD WAY SUITE H OCEANSIDE CA 92054^~1815 14TH ST NW STE D ROCHESTER MN 55901-0758^~435 US HIGHWAY 206 S NEWTON NJ 07860-6005^~56 SPARTA AVE NEWTON NJ 07860-2402^~56 SPARTA AVENUE NEWTON  07860^~56 SPARTA AVENUE NEWTON NJ 07860^~NA NAPA CA NA,true,104028735,
58814400,PROVIDENCE MEDICAL TECHNOLOGY INC,ORGANIZATION,SUPPLIER,3650 MT DIABLO BLVD STE 104 LAFAYETTE CA 94549-3768^~3875 HOPYARD RD STE 300 PLEASANTON CA 94588-8527^~4234 HACIENDA DR STE 150 PLEASANTON CA 94588-2721^~PO BOX 74008771 CHICAGO IL 60674-7400^~PO BOX 74008771 CHICAGO IL 60674-8771,true,104153653,
59243300,HON,ORGANIZATION,SUPPLIER,200 OAK ST MUSCATINE IA 52761-4313^~PO BOX 404422 ATLANTA GA 30384-4422,true,104008074,
59286452,BARD ACCESS SYSTEMS INC,ORGANIZATION,SUPPLIER,-- -  -^~605 N 5600 W SALT LAKE CITY UT 84116^~605 N 5600 W SALT LAKE CITY UT 84116-3738^~901 HERITAGE CLUB DR GREENVILLE SC 29615-3964^~PO BOX 5700 ORANGE CA 92863^~PO BOX 75677 CHARLOTTE NC 28275^~PO BOX 75767 CHARLOTTE NC 28275^~PO BOX 75767 CHARLOTTE NC 28275-0767^~PO BOX 75767BILL TO 5513441 CHARLOTTE NORTH CAROLINA 28275,true,104063465,
58772232,COMBIBLOCKS INC,ORGANIZATION,SUPPLIER,7949 SILVERTON AVE STE 915 SAN DIEGO CA 92126-6354,true,105097180,
58922168,TRINITY STERILE INC,ORGANIZATION,SUPPLIER,"1333 LENAPE RD WEST CHESTER PA 19382-6816^~1930 INNERBELT BUS. CENTER DR OVERLAND MO 63114^~1930 INNERBELT BUSINESS CENTER DR SAINT LOUIS MO 63114-5760^~1930 INNERBELT BUSINESS CENTER DR ST LOUIS MO 93114^~2005 NW SAMMAMISH RD 107 ISSAQUAH WA 98027^~201 KILEY DR SALISBURY MD 21801-2249^~201 KILEY DRIVE SALISBURY MD 21801^~2823 GIRTS RD JAMESTOWN NY 14701-9666^~2823 GIRTS ROAD JAMESTOWN NY 14701^~2901 GIRTS ROAD JAMESTOWN NJ 14701^~2901 GRITS RID JAMESTOWN NY 14701^~4 CONNELL DR STE 7100 BERKELEY HEIGHTS NJ 07922-2754^~400 CONNELL DR STE 7100 BERKELEY HEIGHTS NJ 07922-2806^~400 CONNELL DRIVE SUITE 7100 BERKELEY HEIGHTS NJ 07922^~400 CONNELL DRIVE SUITE 7100 BERKELEY HEIGHTS NJ 7922^~400 CONNELL DRIVE, SUITE 7100 NEWARK NJ 07922^~5919 FARNSWORTH CT CARLSBAD CA 92008-7303^~889 S MATLACK ST WEST CHESTER PA 19382-4971^~BIOPOOL US INC D/B/A TRINITY BIOTECH DISTRIBUTION ROCHESTER NY 14692-9162^~PO BOX 1059 JAMESTOWN NY 14702-1059^~PO BOX 1079 JAMESTOWN NY 14702-1079^~PO BOX 15287 NEWARK MO 63114^~PO BOX 15287 NEWARK NJ 07105^~PO BOX 15287 NEWARK NJ 07192-5287^~PO BOX 15287TRINITY BIOTECH INC. NEWARK NJ 07192-5287^~PO BOX 347593 PITTSBURGH PA 15251-4593^~PO BOX 34935 SEATTLE WA 98124^~PO BOX 91062 ROCHESTER NY 14692-9162",true,103032348,
58749124,OMNI,ORGANIZATION,SUPPLIER,935-C COBB PLACE BOULEVARD KENNESAW GA 30144^~935C COBB PLACE BLVD NW KENNESAW GA 30144-6802,true,105061857,
58952352,SCIENTIFIC INDUSTRIES INC,ORGANIZATION,SUPPLIER,70 ORVILLE DR BOHEMIA NY 11716-2547,true,105183786,
59240933,DIVERSEY INC,ORGANIZATION,SUPPLIER,1300 ALTURA RD FORT MILL SC 29708-7055^~1300 ALTURA RD STE 125PO BOX 902 FORT MILL SC 29708-7054^~16 STREET STURTEVANT WI 53177^~2415 CASCADE POINTE BLVD CHARLOTTE NC 28208^~25337 NETWORK PL CHICAGO IL 60673-1253^~25337 NETWORK PLACE CHICAGO IL 60673-1253^~8310 16TH ST STURTEVANT WI 53177-1964^~PYRAMID CL NORTHAMPTON NORTHAMTONSHIRE NN3 8DP,true,104095273,018240817
58873085,RD PLASTICS CO INC,ORGANIZATION,SUPPLIER,3711 KEYSTONE AVE NASHVILLE TN 37211-3320^~4825 TROUSDALE DR #203 NASHVILLE TN 37220^~4825 TROUSDALE DR STE 203 NASHVILLE TN 37220-1356^~P O BOX 111300 NASHVILLE TN 37222^~PO BOX 111300 NASHVILLE  37222^~PO BOX 111300 NASHVILLE TN 37222-1300^~PO BOX 111300A#8-102 8-795-7007 NASHVILLE TN 37222-1300,true,103032062,147636823
59417880,SURGICALONE INC,ORGANIZATION,SUPPLIER,23030 E INDUSTRIAL DR SAINT CLAIR SHORES MI 48080-1177^~23030 E INDUSTRIAL DRIVE ST CLAIR SHORES MI 48080^~23030 INDUSTRIAL DR EAST ST CLAIR SHORES MI 48080^~24601 HARPER AVE SAINT CLAIR SHORES MI 48080-1272^~6207 ANTLER HILL DR TRAFFORD PA 15085-2311,true,104034154,
58752632,GRIFOLS USA LLC,ORGANIZATION,SUPPLIER,13111 TEMPLE AVE CITY OF INDUSTRY CA 91746-1500^~2410 LILLYVALE AVE LOS ANGELES CA 90032^~2410 LILLYVALE AVE LOS ANGELES CA 90032-3514^~2410 LILLYVALE AVEGRIFOLS USA LOS ANGELES CA 90032-3514^~4560 HORTON ST EMERYVILLE CA 94608-2916^~79 TW ALEXANDER DR4101 RESEARCH COMMONS DURHAM NC 27709-0152^~8784 NW 18TH TER DORAL FL 33172-2620^~PO BOX 515037 LOS ANGELES CA 90051-5037^~PO BOX 749688 LOS ANGELES CA 90074-9688^~PO BOX 749700 LOS ANGELES CA 90074-9700,true,104031359,
59309594,BULLDOG BIO INC,ORGANIZATION,SUPPLIER,1 NH AVE STE 125 PORTSMOUTH NH 03801-2907,true,377876347,
58837525,INVIVOSCRIBE TECHNOLOGIES INC,ORGANIZATION,SUPPLIER,10222 BARNES CANYON RD STE 100BLDG 1 SAN DIEGO CA 92121-2711^~10222 BARNES CANYON RD. SAN DIEGO CA 92121^~6330 NANCY RIDGE DR STE 106 SAN DIEGO CA 92121-3230^~6330 NANCY RIDGE DRIVE SUITE 106 SAN DIEGO CA 92121^~6330 NANCY RIDGE DRIVESUITE 106 SAN DIEGO CA 92121,true,104013853,
58907696,SIBONE INC,ORGANIZATION,SUPPLIER,"3033 N 3RD AVE PHOENIX AZ 85013-4447^~3055 OLIN AVE SAN JOSE CA 95128-2067^~3055 OLIN AVE STE 2200 SAN JOSE CA 95128^~3055 OLIN AVE STE 2200 SAN JOSE CA 95128-2066^~3055 OLIN AVE SUITE 2200 SANJOSE CA 95128^~3055 OLIN AVENUE, SUITE 2200 SAN JOSE CA 95128^~471 EL CAMINO REAL SANTA CLARA CA 95050-4481^~471 EL CAMINO REAL STE 101 SANTA CLARA CA 95050-4482^~471 EL CAMINO REAL, SUITE101 SANTA CLARA CA 95050^~471 EL CAMINO REAL101 SANTA CLARA CA 95050-4481^~DEPT 3195 P.O. 123195 DALLAS TX 75312-3195^~DEPT 3195P.O. 123195 DALLAS TX 75312-3195^~PO BOX 123195 DALLAS TX 75312^~PO BOX 123195 DALLAS TX 75312-3195",true,104053506,
58707197,MCM ELECTRONICS INC,ORGANIZATION,SUPPLIER,"405 S PIONEER BLVD SPRINGBORO OH 45066-3002^~405 SOUTH PIONEER BLVD SPRINGBORO OH 45066^~405 SOUTH PIONEER BLVD, NULL SPRINGBORO OH 45066-3001^~405 SOUTH PIONEER BLVD. SPRINGBORO OH 45066-3002^~650 CONGRESS PARK DR CENTERVILLE OH 45459^~650 CONGRESS PARK DRIVE CENTERVILLE OH 45459-4072^~650 CONGRESS PARK WAY DR CENTERVILLE OH 45459^~PO BOX 30730 ACCOUNTS PAYABL MIDDLEBURG HTS OHIO 44130^~PO BOX 30730ACCOUNTS PAYABL MIDDLEBURG HTS OHIO 44130^~PO BOX 713564 CINCINNATI OH 45271-3564",true,104009053,
58801847,CAPITOL SCIENTIFIC INC,ORGANIZATION,SUPPLIER,2500 RUTLAND DR AUSTIN TX 78758-5243^~2500 RUTLAND DR. AUSTIN TX 78758,true,105166520,
710054785,ORTHO CLINICAL DIAGNOSTICS INC,ORGANIZATION,SUPPLIER,-- -  -^~100 INDIGO CREEK DR B313 RARITAN NJ 08869-1424^~100 INDIGO CREEK DR ROCHESTER NY 14626^~100 INDIGO CREEK DR ROCHESTER NY 14626-5101^~100 INDIGO CREEK DRIVE ROCHESTER NY 14626^~100 INDIGO CREEK DRORTHO CLININICAL DIAGNOSTICS ROCHESTER NY 14626-5101^~100 INDIGO CREEK ROCHESTER NY 14626^~100 INIGO CREEK DRIVE ROCHESTER NY 14626^~1001 PENN AVE NW STE 220S WASHINGTON DC 20004-2573^~1001 US HIGHWAY 202 RANTAN NJ 08869^~1001 US HIGHWAY 202 RARITAN NJ 08869-0606^~1001 US HIGHWAY 202 RARITAN NJ 08869-1424^~1001 US HIGHWAY ROUTE 202 RARITAN NJ 08869^~1001 US HWY 202 RARITAN NJ 08869^~1025 S 2ND AVE WALLA WALLA EAST WA 99362^~1025 S 2ND AVE WALLA WALLA WA 99362-4116^~1025 SOUTH 2ND STREET WALLA WALL EAST NY 99362^~11603 CROSSWINDS WAY STE 100 SAN ANTONIO TX 78233-6005^~200 WHITEHALL DR MARKHAM ON L3R 0T5^~200 WHITEHALL ROAD MARKHAM ON L3R 0T5^~2560 N SHADELAND AVEATTN: ACCOUNTS PAYABLE INDIANAPOLIS IN 46219-1705^~2901 WHITE PLAINS RD APT 2 BRONX NY 10467-8130^~425 HOES LANE PISCATAWAY NJ 8855^~5841 COLLECTION CENTER DR CHICAGO IL 60693-0058^~5972 COLLECTION CENTER DR CHICAGO IL 60693-0059^~7150 CLEARVISTA DR C/O COMMUNITY NORTH HOSPITAL INDIANAPOLIS IN 46256-1695^~7150 CLEARVISTA DRC/O COMMUNITY NORTH HOSPITAL INDIANAPOLIS IN 46256-1695^~LOCK BOX 10 PO BOX 406663 ATLANTA GA 30384^~LOCK BOX 10PO BOX 406663 ATLANTA GA 30384^~LOCK BOX 12 5972 COLLECTION CENTER DR CHICAGO IL 60693^~LOCK BOX 12 CHICAGO IL 60693^~MR CHRIS DEDE CUSTOMER SERVICE RARITAN NJ 08869^~MR CHRIS DEDECUSTOMER SERVICE RARITAN NJ 08869^~P O BOX 406663LOCK BOX 10 ATLANTA GA 30384^~P O BOX 71001 CHICAGO IL 60694^~P.O. BOX 406608 ATLANTA GA 30384-6608^~PO BOX 10 ATLANTA GA 30384-0001^~PO BOX 10PO406663LOCK BOX 10; ATLANTA GA 30384-0001^~PO BOX 125972 COLLECTION CHICAGO IL 60693-0001^~PO BOX 125972 COLLECTIONS CHICAGO IL 60693-0001^~PO BOX 12COLLECTIONS CHICAGO IL 60693-0001^~PO BOX 202 RARITAN NJ 08869-0202^~PO BOX 3655 CAROL STREAM IL 60132-3655^~PO BOX 3655 CAROL STREAM ILLINOIS 60132-3655^~PO BOX 406663 ATLANTA GA 30384-6663^~PO BOX 406663ATTN ATLANTA GA 30384-6663^~PO BOX 5700 ORANGE CA 92863^~PO BOX 619085 ROSEVILLE CA 95661-9085^~PO BOX 71629 CHICAGO IL 60694-1629^~RT 202 RARITAN NJ 08809^~US ROUTE 202 RARITAN NJ 08869,true,104002822,796036473
58704818,AMOENA USA CORP,ORGANIZATION,SUPPLIER,1701 BARRET LAKES BLVDSTE 410 KENNESAW GA 30144^~1701 BARRETT LAKES BLVD NW STE 410 KENNESAW GA 30144-4510^~1871 PAYSPHERE CIR CHICAGO IL 60674-0018^~2736 MOMENTUM PL KENNESAW GA 30144^~2736 MOMENTUM PLACE CHICAGO IL 60689-0001^~2736 MOMENTUM PLACE CHICAGO IL 60689-5327^~2736 MOMENTUM PLLOCKBOX # 232736 CHICAGO IL 60689-5327^~NEW VENDOR CHANGED FROM 585 0 0 0,true,104006237,
58863214,DASH MEDICAL GLOVES INC,ORGANIZATION,SUPPLIER,9635 S FRANKLIN DR FRANKLIN WI 53132,true,377874628,
59259293,ADVANSTA INC,ORGANIZATION,SUPPLIER,1505 ADAMS DR STE B MENLO PARK CA 94025-1451,true,109778904,
58865956,KEDRION BIOPHARMA INC,ORGANIZATION,SUPPLIER,"1019 AVENUE M GRAND PRAIRIE TX 75050^~1100 E WOODFIELD DR; STE 100 SCHAUMBURG IL 60173^~1100 E WOODFIELD RD SCHAUMBURG IL 60173-5116^~1100 E WOODFIELD RD STE 200 SCHAUMBURG IL 60173-5110^~1100 E WOODFIELD RD STE 350 SCHAUMBURG IL 60173-5121^~1100 E WOODFIELD RD SUITE 200 SCHAUMBURG IL 60173^~1100 EAST WOODFIELD ROAD SCHAUMBURG IL 60173^~1212 GRAND AVE MERIDIAN MS 39301-6509^~13024 BALLANTYNE CORPORATE PLACE SUITE 340 CHARLOTTE NC 28277-0459^~135 S LASALLE DEPT 4189 CHICAGO IL 60674-4189^~1420 SAMS AVE STE F HARAHAN LA 70123-8100^~15321 E MARIETTA AVE SPOKANE VALLEY WA 99216^~1550 BISHOP CT MOUNT PROSPECT IL 60056-6039^~1805 MOMENTUM PL # 231805 CHICAGO IL 60689-5318^~1805 MOMENTUM PL CHICAGO IL 60689-0001^~1805 MOMENTUM PL CHICAGO IL 60689-5318^~1805 MOMENTUM PLACE CHICAGO IL 60689^~1805 MOMENTUM PLACELOCKBOX 231805 CHICAGO IL 60689-5318^~29060 NETWORK PL CHICAGO IL 60673-1290^~3010 GAYLORD PKWY, SUITE 320 FRISCO TX 75034^~3101 GAYLORD PKWY FRISCO TX 75034^~36 TERMINAL WAY PITTSBURGH PA 15219-1209^~400 KELBY ST FL 11 FORT LEE NJ 07024-2945^~400 KELBY ST FORT LEE NJ 07024-2943^~400 KELBY ST STE 11 FORT LEE NJ 07024-2938^~400 KELBY ST STE 67 FORT LEE NJ 07024-2938^~400 KELBY STREET FORT LEE NEW JERSEY 07024^~400 KELBY STREET FORT LEE NJ 07024^~400 KELBY STREET FORT LEE NJ 7024^~400 KELBY STREET FT LEE NJ 07024^~400 KELBY STREET, 11TH FLOOR FORT LEE NJ 07024^~400 KELBY STREET11TH FLOOR FT LEE NJ 07024^~556 GRUBBS MILL RD WEST CHESTER PA 19380-1031^~556 GRUBBS MILL ROAD WEST CHESTER PA 19380-1031^~6703 S 1234TH ST SUITE 120 KENT WA 98032^~6703 S 1234TH STSUITE 120 KENT WA 98032^~753 AIRLINE DR KENNER LA 70062-6919^~755 AIRLINE DR STE C KENNER LA 70062-6947^~755-C EAST AIRLINE DR KENNER LA 70062^~8322 HELGERMAN COURT GAITHERSBURG MD 20877^~9500 GLADES DR. WEST CHESTER  45011^~DEPT 77-6618 CHICAGO IL 60678-0001^~LOCK BOX 231805 1805 MOMENTUM PL CHICAGO IL 60689-5318^~LOCKBOX #231805 1805 MOMENTUM PLACE CHICAGO IL 60689-5318^~LOCKBOX 2318051805 MOMENTUM PLACE CHICAGO IL 60689-5318^~OLMSTED KIRK LONGVIEW TX 75604^~P O BOX 759304 BALTIMORE MD 21275-9304^~P.O. BOX 81006 SAN DIEGO CA 92138-1006^~PARKER PLAZA FORT LEE NJ 07024^~PO BOX 21573 NEW YORK NY 10087-1573^~PO BOX 231805 CHICAGO IL 60689-0001^~PO BOX 300073 DALLAS TX 75303-0073^~PO BOX 333 BALTIMORE MD 21203-0333^~PO BOX 414560 ACCOUNTS PAYABLE KANSAS CITY 64141-4560^~PO BOX 75004 BALTIMORE MD 21275-5004^~PO BOX 759304 BALTIMORE MARYLAND 21275-9304^~PO BOX 759304 BALTIMORE MD 21275^~PO BOX 759304 BALTIMORE MD 21275-9304",true,103029200,082941204
58971962,VIJON INC,ORGANIZATION,SUPPLIER,8515 PAGE AVE SAINT LOUIS MO 63114-6014^~PO BOX 504371 SAINT LOUIS MO 63150-4371,true,104106858,
59182157,RAPID MEDICAL INC,ORGANIZATION,SUPPLIER,10750 COUNTY ROAD 2 S ALAMOSA CO 81101-9616^~1301 CONCORD TER SUNRISE FL 33323-2843^~1355 SHOTGUN RD SUNRISE FL 33326-1981^~1355 SHOTGUN ROAD SUNRISE FL 33326^~PO BOX 337 YOKNEUM  20692,true,105105804,
59229323,HAND BIOMECHANICS LAB INC,ORGANIZATION,SUPPLIER,"7 SCRIPPS DR STE 104 SACRAMENTO CA 95825-6202^~77 SCRIPPS DR SACRAMENTO CA 95825-6209^~77 SCRIPPS DR STE 104 SACRAMENTO CA 95825-6209^~77 SCRIPPS DR, SUITE104 SACRAMENTO CA 95825-6209^~77 SCRIPPS DRIVESUITE 104 SACRAMENTO CA 95825^~77 SCRIPPS DRSUITE 104 SACRAMENTO CA 95825",true,104013841,
59029821,PALMERO HEALTHCARE,ORGANIZATION,SUPPLIER,120 GOODWIN PLACE STRATFORD CT 06497,true,104018070,
59325697,CORMATRIX CARDIOVASCULAR INC,ORGANIZATION,SUPPLIER,1100 OLD ELLIS RD ROSWELL GA 30076^~1100 OLD ELLIS RD ROSWELL GA 30076-4992^~1100 OLD ELLIS RD STE 1200 ROSWELL GA 30076-4971^~1100 OLD ELLIS RD. SUITE 1200 ROSWELL GA 30076^~1100 OLD ELLIS RD.SUITE 1200 ROSWELL GA 30076^~1100 OLD ELLIS ROAD ROSWELL GA 30076^~1100 OLD ELLIS ROAD ROSWELL GEORGIA 30076^~1100 OLD ELLIS ROAD STE 1200 ROSWELL GEORGIA 30076^~1100 OLED ELLIS ROAD ROSWELL GA 30076^~12510 PROSPERITY DR STE 370 SILVER SPRING MD 20904-1624^~12510 PROSPERITY DRIVE SUITE 370 SILVER SPRING MD 20904^~155 MOFFETT PARK DR STE A-240 SUNNYVALE CA 94089-1335^~155A MOFFETT PARK DRIVE SUNNYVALE CA 94089^~200 COBB PKWY N STE 140 MARIETTA GA 30062-3503^~286 S MAIN ST #200 ALPHARETTA GA 30009^~286 S MAIN ST STE 200 ALPHARETTA GA 30009-1943^~DEPT AT 952517 ATLANTA GA 31192-0001^~PO BOX 392191 PITTSBURGH PA 15251-9191^~PO BOX 5700 ORANGE CA 92863,true,104023744,
58876076,TCI AMERICA,ORGANIZATION,SUPPLIER,9211 N HARBORGATE ST PORTLAND OR 97203-6308,true,104007458,
58918951,USHIO AMERICA INC,ORGANIZATION,SUPPLIER,5540 CERRITOS AVE CYPRESS CA 90630-4702,true,104066971,
59072989,CARSTENS INC,ORGANIZATION,SUPPLIER,141 W JACKSON BLVD STE 1000 CHICAGO IL 60604-2992^~2500 VIBURG CT MIDLOTHIAN VA 23113-6475^~4859 123RD PL SE BELLEVUE WA 98006-2847^~612 E FAIRHAVEN AVEPO BOX 334 BURLINGTON WA 98233-1823^~7310 W WILSON AVE CHICAGO IL 60656^~7310 W WILSON AVE CHICAGO IL 60706^~7310 W WILSON AVE CHICAGO IL 60706-4708^~7310 W WILSON AVE CHICAGO IL 60706-4787^~7310 W WILSON AVE CHICAGO IL 66056-4787^~7310 W WILSON AVE HARWOOD HEIGHTS IL 60706-4708^~7310 W WILSON AVEATTN: N I K K I CHICAGO IL 60706-4708^~7310 W WILSON AVECARSTENS INC CHICAGO IL 60706-4708^~7310 W. WILSON AVE./PO BOX 99110 CHICAGO IL 60693^~7310 WEST WILSON AVE CHICAGO IL 60656^~7310 WEST WILSON AVE CHICAGO IL 60656-4787^~7310 WEST WILSON AVE CHICAGO IL 60706^~7310 WEST WILSON AVE HARWOOD HEIGHTS` IL 60706^~7310 WEST WILSON AVENUE CHICAGO IL 60656^~7310 WEST WILSON AVENUE CHICAGO IL 60706-9976^~7310 WILSON AVE CHICAGO IL 60656^~P O BOX 99110 CHICAGO IL 60693^~PO BOX 5700 ORANGE CA 92863^~PO BOX 99110 CHICAGO IL 60693-9110^~PO BOX 991107310 WEST WILSON AVE CHICAGO IL 60693-9110^~PO BOX 99110A/C # 094203 CHICAGO IL 60693-9110^~POBOX 99110 CHICAGO IL 60693,true,104000064,002993509
58700076,KERECIS,ORGANIZATION,SUPPLIER,1181 N FOUNTAIN WAY ANAHEIM CA 92806-2009^~2200 CLARENDON BLVD STE 1400 ARLINGTON VA 22201-3331^~2200 CLARENDON BLVDSUITE 1400 ARLINGTON VA 22201^~2300 CLARENDON BLVD STE 1210 ARLINGTON VA 22201-3300^~8300 GREENSBORO DR MCLEAN VA 22102-3605^~8300 GREENSBORO DR STE 800 MCLEAN VA 22102-3661^~DEPT CH 17640 PALATINE IL 60055-0001,true,104215564,
58751085,ADTECH MEDICAL INSTRUMENT CORP,ORGANIZATION,SUPPLIER,1901 WILLIAM ST RACINE WI 53404^~1901 WILLIAM ST RACINE WI 53404-1876^~1901 WILLIAM STREET RACINE WI 33404^~400 W OAKVIEW PKWY OAK CREEK WI 53154-7213,true,104000100,
58913687,CYNOSURE,ORGANIZATION,SUPPLIER,10 ELIZABETH DR CHELMSFORD MA 01824-4145^~400 KARIN LANE HICKSVILLE NY 11801^~5 CARLISLE RD WESTFORD MA 01886-3601^~5 CARLISLE RDATTN: JOHN EDWARDS WESTFORD MA 01886-3601^~5 CARLISLE ROAD WESTFORD MA 01886^~PO BOX 83063 WOBURN MA 01813-3063,true,104012132,
58995789,Zimmer Biomet Inc,ORGANIZATION,SUPPLIER,"*6 CONCOURSE PKWY, SUITE 1800 ATLANTA GA 30328^~-- -  -^~.. .  .^~100 INTERPACE PARKWAY PARSIPPANY NJ 07054^~100 INTERPACE PARKWAY PARSIPPANY NJ 7054^~100 INTERPACE PKWY PARSIPPANY NJ 07054-1149^~100 INTERPACE PKWYFORMERLY EBI MEDICAL SYSTEMS INC PARSIPPANY NJ 07054-1149^~10225 WESTMOOR DRPO BOX 702 WESTMINSTER CO 80021-2702^~111 CENTREWEST CT CHARLOTTE NC 28275^~1209 PINE ST APT 400 NASHVILLE TN 37203-4026^~1234 FERGUSON AVE. ST. LOUIS MO 63133^~13157 MIDDLETOWN INDUSTRIAL BLVD. LOUISVILLE KY 40223^~13221 SE 24TH ST #B BELLEVUE WA 98005^~13221 SE 26TH ST STE B BELLEVUE WA 98005-4258^~1371 W. NEWPORT CENTER DR. STE 103 DEERFIELD BEACH FL 33442^~13785 N HWY 183 STE 200 AUSTIN TX 78750-1873^~14234 COLLECTION CENTER DR CHICAGO IL 60693-0142^~14234 COLLECTIONS CENTER DR CHICAGO IL 60693^~14235 COLLECTION CENTER DR CHICAGO IL 60693-0142^~14235 COLLECTION CENTER DRIVE CHICAGO IL 60693^~14235 COLLECTIONS CENTER DR CHICAGO IL CHICA^~14235 COLLECTIONS CENTER DRIVE CHICAGO IL 60693^~14235 COLLECTIONS CTR DRIVE ZIMMER SPINE SURGICAL CHICAGO IL 60693^~14235 COLLECTIONS CTR DRIVEZIMMER SPINE SURGICAL CHICAGO IL 60693^~1499 REGAL ROW DALLAS TX 75247-3634^~1499 REGAL ROW STE 505 DALLAS TX 75247-3630^~1504 BOSTON PROVIDENCE TPKE STE 9 NORWOOD MA 02062-4645^~1520 TRADEPORT DR FORMERLY WALTER LORENZ SURGICAL INS JACKSONVILLE FL 32218-2480^~1520 TRADEPORT DR JACKSONVILE FL 32218^~1520 TRADEPORT DR JACKSONVILLE FL 32218^~1520 TRADEPORT DR JACKSONVILLE FL 32218-2480^~1520 TRADEPORT DR STE 3071 JACKSONVILLE FL 32218-2480^~1520 TRADEPORT DRFORMERLY WALTER LORENZ SURGICAL INS JACKSONVILLE FL 32218-2480^~1520 TRADEPORT DRIVE JACKSONVILLE  32218-2480^~1520 TRADEPORT DRIVE JACKSONVILLE FL 32218^~1520 TRADEPORT DRIVE JACKSONVILLE FL 32218-2480^~1520 TRADEPORT TEMPE AZ 85281^~1560 TRADEPORT DRBIOMET MICRO FIXATION JACKSONVILLE FL 32218-2480^~16597 N 92ND ST STE 101 SCOTTSDALE AZ 85260-1847^~170 CHANGEBRIDGE RD SUITE A1 MONTVILLE NJ 07045-0000^~1750 BRIELLE AVE OCEAN NJ 07712-3948^~1750 BRIELLE AVE UNIT B6 WANAMASSA NJ 07712^~1800 W CENTER ST WARSAW IN 46580-2304^~1800 WEST CENTER STREET WARSAW IN 46581^~1900 ASTON AVE CARLSBAD CA 92008-7308^~1918 MONROE ST INDIANAPOLIS IN 46229-1922^~2 COMPUTER DR W ALBANY NY 12205-1622^~20 COMPUTER DR WEST ALBANY NY 12205^~20 COMPUTER DRIVE WEST ALBANY NY 12205^~200 CEDAR RIDGE DRIVESUITE 212 PITTSBURGH  15205^~200 N AIRPORT INDUSTRIAL PARK WARSAW IN 46580^~200 NW PARKWAY RD RIVERSIDE MO 64150-9569^~200 NW PARKWAY RIVERSIDE  64150^~200 ROBBINS LN UNIT D3 JERICHO NY 11753-2341^~2100 JERROLD AVE STE J SAN FRANCISCO CA 94124-1010^~2200 JERROLD AVENUE SUITE J SAN FRANCISCO CA 94124^~222 WEST BURY AVENUE CARLE PLACE NY 11514^~2323 ARGENTIA RD MISSISSAUGA ON L5N 5N3^~2495 140TH AVE NE STE D200 BELLEVUE WA 98005-1882^~25303 DEQUINDRE MADISON HEIGHTS MI 48071^~277 WILSON PIKE CIR BRENTWOOD TN 37027-3201^~310 INTERLOCKEN PKWY BROOMFIELD CO 80021-3479^~3209 CASCADE DRIVE VALPARAISO IN 46383^~3248 NORTHSIDE PARKWAY SUITE 600 ATLANTA GA 30327^~3248 NORTHSIDE PARKWAYSUITE 600 ATLANTA GA 30327^~345 E MAIN ST WARSAW IN 46580^~345 E MAIN ST WARSAW IN 46580-2746^~347 W MAIN ST PO BOX 710 WARSAW IN 46580-2717^~3480 BUSKIRK AVE STE 110 PLEASANT HILL CA 94523-4397^~35 JAMES WAY EATONTOWN NJ 07724^~35 JAMES WAY EATONTOWN NJ 07724-2272^~355 POST AVE WESTBURY NY 11590-2265^~3614 KENNEDY RD SOUTH PLAINFIELD NJ 07080-1802^~38 SIDNEY ST STE 370 CAMBRIDGE MA 02139-4169^~399 JEFFERSON RD PARSIPPANY NJ 07054-3707^~402 W.BEDFORD #102 FRESNO CA 93711^~4032 NW RIVERSIDE DR RIVERSIDE MO 64150-9623^~41 W TWOHIG AVE SAN ANGELO TX 76903-6434^~41271 CONCEPT DR PLYMOUTH MI 48170-4253^~4206 COLLECTIONS CENTER DR CHICAGO IL 60693^~4216 ASHINGTON DR BIRMINGHAM AL 35242-5838^~4360 VIEWRIDGE AVE SUITE C SAN DIEGO CA 92123^~4555 RIVERSIDE DR PALM BCH GDNS FL 33410-4200^~4555 RIVERSIDE DR PALM BEACH GARDENS FL 33410-4200^~4555 RIVERSIDE DRIVE PALM BEACH GARDENS FLORIDA 33410^~484 N STATE ROUTE 49 CISSNA PARK IL 60924-8876^~4941 HADLEY OVERLAND PARK KS 66203^~4941 HADLEY ST OVERLAND PARK KS 66203^~50 E BELL DR WARSAW IN 46582-6989^~514 REDBIRD CIRBIOMET-WISCONSIN DE PERE WI 54115-8785^~52 E BELL DR WARSAW IN 46582-6989^~52 E BELL DRIVE WARSAW IN 46037^~5206 ASBURY RD WALL TOWNSHIP NJ 07727-3609^~5300 OAKBROOK PKWY STE 250 NORCROSS GA 30093-6210^~555 116TH AVE NE SUITE 118 BELLEVUE WA 98004^~555 INDUSTRIAL WAY W EATONTOWN NJ 07724-2211^~555 INDUSTRIAL WAY WEST EATON TOWN NJ 7724^~555 INDUSTRIAL WAY WEST EATONTOWN  07724^~555 INDUSTRIAL WAY WEST EATONTOWN NJ 07724^~555 INDUSTRIAL WAY WEST EATONTOWN NJ 07724-2211^~56 E BELL DR WARSAW IN 46582-6989^~56 E BELL DRBIOMET ORTHOPEDICS WARSAW IN 46582-6989^~56 E BELL DRBIOMET SPORTS MEDICINE WARSAW IN 46582-6989^~56 E BELL DRIVE EARSAW IL 46580^~56 E BELL DRIVE PO BOX 587 WARSAW IN 46581^~56 E BELL DRIVE WARSAW IN 46582^~56 E BELL DRIVE WARSAW IN 46634-0214^~56 E BELL DRIVEPO BOX 587 WARSAW IN 46581-0587^~56 E. BELL DR. WARSAW IN 46581-0587^~56 E. BELL DRIVE WARSAW IN 46581^~56 E. BELL DRIVE WARSAW IN 46582^~56 EAST BALL DRIVE WARSAW IN 46581^~56 EAST BELL DR WARSAW IN 46581^~56 EAST BELL DR WARSAW IN 46581-0587^~56 EAST BELL DR WARSAW IN 46582^~56 EAST BELL DRIVE WARSAW IN ^~56 EAST BELL DRIVE WARSAW IN 46581^~56 EAST BELL DRIVE WARSAW IN 46582^~5821 FAIRVIEW ROAD CHARLOTTE NC 28209^~596 PLEASANT ST NORWOOD MA 02062-4697^~6 CONCOURSE PKWY NE SUITE ATLANTA GA 30328^~6 CONCOURSE PKWY, STE 1800 ATLANTA GA 30328^~601 SOUTH RANCHO SUITE B14 LAS VEGAS NV 89106^~601 SOUTH RANCHOSUITE B14 LAS VEGAS NV 89106^~610 S LIPAN ST DENVER CO 80223^~6105 TRENTON LN N MINNEAPOLIS MN 55442-3240^~675 MASSACHUSETTS AVE 12TH FLOOR CAMBRIDGE MA 02139^~675 MASSACHUSETTS AVE CAMBRIDGE MA 02139^~675 MASSACHUSETTS AVE CAMBRIDGE MA 02139-3309^~675 MASSACHUSETTS AVE STE 12 CAMBRIDGE MA 02139-3309^~675 MASSACHUSETTS AVENUE CAMBRIDGE MA 02139^~710 GRAND AVE STE 6 BILLINGS MT 59101-5852^~731 S PEAR ORCHARD ROAD SUITE 41 RIDGELAND MS 39157^~736 IRVING AVENUE SYRACUSE NY 13210^~737 N DETROIT ST STE C WARSAW IN 46580-2910^~7370 HODGSON MEMORIAL DR STE A8 SAVANNAH GA 31406-2538^~7373 HODGSON MEMORIAL DR STE 3B SAVANNAH GA 31406-1595^~7375 BUSH LAKE RD MINNEAPOLIS MN 55439-2027^~7375 BUSH LAKE ROAD MINNEAPOLIS MN 55439^~745 CRAIG RD CREVE COEUR MO 63141-7122^~75 REMITANCE DR SUITE 3283 CHICAGO ILLINOIS 60675^~75 REMITANCE DRSUITE 3283 CHICAGO ILLINOIS 60675^~75 REMITTANCE CRIVE CHICAGO IL 60622^~75 REMITTANCE DR 3283 CHICAGO IL 60675-3283^~75 REMITTANCE DR CHICAGO IL 60675-1001^~75 REMITTANCE DR CHICAGO IL 60675-3283^~75 REMITTANCE DR DEPT 3071 CHICAGO IL 60675-3071^~75 REMITTANCE DR DEPT 3283 CHICAGO IL 60675-3283^~75 REMITTANCE DR DEPT 6931 CHICAGO IL 60675-6931^~75 REMITTANCE DR DEPT 6931 CHICAGO IL 60675-9631^~75 REMITTANCE DR STE 3283 STE 3283 CHICAGO IL 60675-3283^~75 REMITTANCE DR STE 3283STE 3283 CHICAGO IL 60675-3283^~75 REMITTANCE DR SUITE 3071 CHICAGO IL 60675 3071^~75 REMITTANCE DR SUITE 3071 CHICAGO IL 60675-3071^~75 REMITTANCE DR, #3283 CHICAGO IL 606753283^~75 REMITTANCE DR, STE 3283 CHICAGO IL 60675^~75 REMITTANCE DR, STE 3283 CHICAGO IL 60675-3283^~75 REMITTANCE DR. SUITE 3283 CHICAGO IL 60675-3283^~75 REMITTANCE DR3283 CHICAGO IL 60675-3283^~75 REMITTANCE DR75 REMITTANCE DRIVE CHICAGO IL 60675-3071^~75 REMITTANCE DRIVE CHICAGO IL 60675-3283^~75 REMITTANCE DRIVE STE 3071 CHICAGO IL 60675^~75 REMITTANCE DRIVE STE 3283 CHICAGO IL 60675-3283^~75 REMITTANCE DRIVE STE. 3283 CHICAGO IL 60675^~75 REMITTANCE DRIVE SUITE 3283 CHICAGO IL 60675^~75 REMITTANCE DRIVE, SUITE 3071 CHICAGO IL 60675-3071^~75 REMITTANCE DRIVESUITE 3071 CHICAGO IL 60675-3283^~75 REMITTANCE DRIVESUITE 3283 CHICAGO IL 60675-3283^~75 REMITTANCE DRSUITE 3283 CHICAGO IL 60675-3283^~75 REMITTANE DR.SUITE 3283 CHICAGO IL 60675-3283^~750 REMITTANCE DR SUITE 3071 CHICAGO IL 60675-0001^~7500 N DREAMY DRAW DRIVE PHOENIX AZ 85020^~790 REDWOOD SQUARE, UNIT 1 OAKVILLE ON L6L 6N3^~807 WEST LINCOLN AVENUE BELVIDERE IL 61008^~810 CROMWELL PARK DR STE M GLEN BURNIE MD 21061^~821 EVERGREEN AVE CHICAGO IL 60642",true,101071122,056038268
2126451583,Acclarent,ORGANIZATION,SUPPLIER,,true,,
58702619,DE SOUTTER MEDICAL USA INC,ORGANIZATION,SUPPLIER,224 ROLLING HILL RD 12A MOORESVILLE NC 28117-8090^~224 ROLLING HILL RD MOORESVILLE NC 28117-8090^~224 ROLLING HILL RD STE 12A MOORESVILLE NC 28117-6512,true,104325671,
59078711,BRADLEYS PLASTIC BAG CO,ORGANIZATION,SUPPLIER,9130 FIRESTONE BLVD DOWNEY CA 90241,true,104105784,
710045465,THE HARVARD DRUG GROUP LLC,ORGANIZATION,,,true,,
710058617,K STAT CONSULTING,ORGANIZATION,SUPPLIER,,true,,
428615120,DIAGNOSTIC SYSTEMS LABS INC,ORGANIZATION,,,true,,
428615446,WHITE CARDIOPULMONARY INC,ORGANIZATION,,,true,,
428615671,TRIMEDCO INC,ORGANIZATION,,,true,,
58787349,BARCO PRODUCTS CO,ORGANIZATION,SUPPLIER,11 N BATAVIA AVE BATAVIA IL 60510^~11 N BATAVIA AVENUE BATAVIA IL 60510-1961^~24 N WASHINGTON AVE BATAVIA IL 60510-2614^~3059 PREMIERE PARKWAY DULUTH GA 30097-4905^~3059 PREMIERE PKWY DULUTH GA 30097-4905,true,104053851,
58930753,QINFLOW INC,ORGANIZATION,SUPPLIER,2305 COIT DR. SUITE A PLANO TX 75075,true,105088744,
58939280,KYOCERA MEDICAL TECHNOLOGIES INC,ORGANIZATION,SUPPLIER,1200 CALIFORNIA ST STE 210 REDLANDS CA 92374-2948^~400 W MINERAL KING AVE VISALIA CA 93291-6237,true,105060127,
59242556,ORALINE INC,ORGANIZATION,SUPPLIER,16631 MILLIKAN AVE IRVINE CA 92606-5028^~4057 WEST RD CORTLAND NY 13045-1637^~4057 WEST ROAD CORTLAND TX 13045^~823 STATE ROUTE 13 CORTLAND NY 13045-8729^~P.O. BOX 4918 IRVINE CA 92616^~PO BOX 4918 IRVINE CA 92616,true,104105439,
59426512,BIOSKIN,ORGANIZATION,SUPPLIER,240 E HERSEY ST ASHLAND OR 97520-5202^~240 E HERSEY ST STE 2 ASHLAND OR 97520-5201^~240 E HERSEY STE 2 WILMINGTON DE 19809^~240 EAST HERSEY STREETSUITE 2 ASHLAND OR 97520,true,104008584,
59462776,SILENTIA INC,ORGANIZATION,SUPPLIER,"1004 W 9TH AVE STE 105 KING OF PRUSSIA PA 19406-1224^~1004 W 9TH AVE, SUITE 105 KING OF PRUSSIA PA 19406^~525 E MICHELTORENA ST SANTA BARBARA CA 93103-2254^~525 E MICHELTORENA ST STE C SANTA BARBARA CA 93103-4209^~525 E. MICHELTORENA ST., SUITE C SANTA BARBARA CA 93103^~740 STATE ST STE B SANTA BARBARA CA 93101-5521",true,104207270,
710045791,VENTLAB CORP,ORGANIZATION,,,true,,
710047032,NORINSE LABS  CLEANLIFE PRODUCTS,ORGANIZATION,,,true,,
710062916,LIBERTY OFFICE PRODUCTS,ORGANIZATION,SUPPLIER,,true,,
428616763,OCCUPATIONAL  MEDICAL INNOVATIONS,ORGANIZATION,SUPPLIER,,true,,
428623615,NORCROSS SAFETY PRODUCTS,ORGANIZATION,SUPPLIER,,true,,
58715936,JS JACKSON INN 2,ORGANIZATION,PROVIDER FACILITY,3751 KNIGHT AVE STE A COLUMBIA SC 29206-5547,true,600229719,
58716307,METTEST LLC,ORGANIZATION,SUPPLIER,1117 PERIMETER CTR STE W211 ATLANTA GA 30338-5444,true,377879167,
58716406,QSUM BIOPSY DISPOSABLES LLC,ORGANIZATION,SUPPLIER,4705 CEDAR SCENIC RD BAXTER MN 56425-3001^~6539 STEARNS AVE BOULDER CO 80303-3061^~PO BOX 18086 BOULDER CO 80308-1086^~PO BOX 2581 BAXTER MN 56425^~PO BOX 2581 BAXTER MN 56425-2581,true,104050089,
58719235,AAA ELECTRIC MOTOR SALES  SVC,ORGANIZATION,SUPPLIER,,true,109761441,
58719473,GOLIS AVENUES OF TRAVEL LTD,ORGANIZATION,SUPPLIER,2404 STATE ROAD LA CROSSE WI 54601,true,377847742,
59106178,TCFPOANNESCIA DILLARD,ORGANIZATION,SUPPLIER,,true,105208737,
58720524,ADENA GREENFIELD AREA MEDICAL CTR,ORGANIZATION,PROVIDER IDN,550 MIRABEAU ST GREENFIELD OH 45123-1617,true,105113657,
58721393,ACCURATE INSULATION,ORGANIZATION,SUPPLIER,33 STAFFORD AVENUE BRISTOL CT 06010,true,287656657,
58723073,MERCY SURGERY CENTER LTD COMMUNITY MERCY HEALTH PARTNERS SPRINGFIED,ORGANIZATION,PROVIDER FACILITY,2610 N LIMESTONE ST SPRINGFIELD OH 45503-1114,false,104275103,
59110874,TRENDSHIFT,ORGANIZATION,SUPPLIER,,true,109741269,
58723876,EXPERT SERVICES INC,ORGANIZATION,SUPPLIER,32952 CAPITOL ST. LIVONIA MI 48150,true,377835899,
58724224,INDISOFT LLC,ORGANIZATION,SUPPLIER,5550 STERRETT PL STE 311 COLUMBIA MD 21044-2628,true,377882705,
59112714,THERMMAX SCIENTIFIC PRODUCTS,ORGANIZATION,SUPPLIER,,true,109751994,
58724549,OSPREY VILLAGE ASSISTED LIVING FACILITY,ORGANIZATION,PROVIDER FACILITY,76 OSPREY VILLAGE DR FERNANDINA BEACH FL 32034-4962,true,600201834,
58726157,KIDS TIME INC,ORGANIZATION,PROVIDER FACILITY,3540 NEWPORT BAY DR ALPHARETTA GA 30005-7816,true,600235416,
59115710,G A OLSON  SONS INC,ORGANIZATION,SUPPLIER,,true,109787154,
59116403,LYNNE M VREELAND INTERIOR DESIGN SERVICE,ORGANIZATION,SUPPLIER,,true,109760763,
59119777,986 SPECIALTY PHARMACY  2,ORGANIZATION,PROVIDER FACILITY,241 N BUFFALO DR STE 150 LAS VEGAS NV 89145-0312,false,104286066,
58734233,SCHENECTADY HARDWARE  ELECTRI,ORGANIZATION,SUPPLIER,,true,109753811,
59165658,ALBANY FACIAL SURGERY CENTER,ORGANIZATION,PROVIDER FACILITY,4 NORMANSKILL BLVD STE 401 DELMAR NY 12054-1335,true,104239958,
59165879,ACCUMEDIC COMPUTER SYSTEMS INC,ORGANIZATION,SUPPLIER,"11 GRACE AVENUE, SUITE 401 GREAT NECK NY 10021",true,104251586,
59121671,K GARG MD,ORGANIZATION,PROVIDER FACILITY,2543 DIXWELL AVE HAMDEN CT 06514-1860^~666 GEORGE ST NEW HAVEN CT 06511-5322^~764 CAMPBELL AVE WEST HAVEN CT 06516-3786,true,600217708,
59130165,TCFPOCONMED CORP,ORGANIZATION,SUPPLIER,,true,105218451,
59130426,LEGENDS AT HOLLYWOOD CASINO AMPHITHEATER ST LOUIS,ORGANIZATION,PROVIDER FACILITY,14141 RIVERPORT DR MARYLAND HEIGHTS MO 63043-4807,false,104269961,
59131946,NHS STAFFORDSHIRE CSU  ORG,ORGANIZATION,PROVIDER IDN,,true,442547901,
59133126,TCFPOCAREFUSION 303 ALARIS MED SYS,ORGANIZATION,SUPPLIER,,true,105185910,
59134666,COBB CHAMBER OF COMMERCE,ORGANIZATION,SUPPLIER,,true,109737151,
59139780,UNIONDALE AFFILIATED PHYSICIAN OFFICE,ORGANIZATION,PROVIDER FACILITY,333 EARLE OVINGTON BLVD STE 106 UNIONDALE NY 11553-3645,true,600149554,
59140655,HEART CTR OF SIMI VALLEY,ORGANIZATION,PROVIDER FACILITY,2876 SYCAMORE DR STE 201 SIMI VALLEY CA 93065-1550,true,600136611,
59141027,DCI LABS,ORGANIZATION,SUPPLIER,2911 FOSTER CREIGHTON DR NASHVILLE TN 37204,true,377930055,
59141748,OKCPS CESAR CHAVEZ ELEMENTARY SCHOOL,ORGANIZATION,PROVIDER FACILITY,600 SE GRAND BLVD OKLAHOMA CITY OK 73129-4950,false,105103928,
59142451,TCFPOGRIDLEX INC,ORGANIZATION,SUPPLIER,,true,105188745,
59147571,ACADEMIC INTERNAL MEDICINE SPECIALISTS,ORGANIZATION,SUPPLIER,28411 NORTHWESTERN HWY STE 1050 SOUTHFIELD MI 48034-5529,true,377870076,
59147959,EUREKA METAL  GLASS SERVICES INC,ORGANIZATION,SUPPLIER,9070 STATE RD PHILADELPHIA PA 19136-1615,false,105206972,
59155440,DRIVEWAY CONCEPTS INC,ORGANIZATION,SUPPLIER,227 WEST BROAD STREET QUAKERTOWN PA 18951,true,377879866,
59157946,GRAY STATION PRIMARY CARE,ORGANIZATION,PROVIDER FACILITY,2103 FOREST DR STE 5 GRAY TN 37615-8423,true,600249518,
59160123,WALGREENS 7934,ORGANIZATION,PROVIDER FACILITY,301 S US HIGHWAY 131 THREE RIVERS MI 49093-8833,true,600171936,
59160691,LEXJET CORP,ORGANIZATION,SUPPLIER,1605 MAIN ST STE 400 SARASOTA FL 34236-5853^~1605 MAINE STREET STE 400 CROFTON MD 21114^~1680 FRUITVILLE RD FL 3 SARASOTA FL 34236-8511,true,105184459,
59119161,UHMP UNIVERSITY WOMENS HEALTH WOO CHONGKYOO MD,ORGANIZATION,PROVIDER FACILITY,2210 S RIDGE RD E ASHTABULA OH 44004-4459,true,600131425,
59131105,WALGREENS 10193,ORGANIZATION,PROVIDER FACILITY,731 W BELT LINE RD DESOTO TX 75115-4955,true,600170963,
59137962,KMART PHARMACY 9306,ORGANIZATION,PROVIDER FACILITY,1515 W BELL ST GLENDIVE MT 59330-3240,true,600232823,
59139835,ORCHARD HILLS GOLF CLUB,ORGANIZATION,PROVIDER FACILITY,600 HIGHWAY 16 E NEWNAN GA 30263-5243,true,600158935,
59162780,RUBBERCALCOM,ORGANIZATION,SUPPLIER,,true,109819656,
59166102,SMITHSONS INC,ORGANIZATION,SUPPLIER,850 E OHIO ST STE 11SMITHSONS OFFICE INSTALLATION TUCSON AZ 85714-3311,true,377852587,
59167702,TARGET 754,ORGANIZATION,PROVIDER FACILITY,6365 I 55 N JACKSON MS 39213-9742,true,600116310,
59170219,SCOTT  WHITE CONTINUING CARE HOSPITAL  112019,ORGANIZATION,PROVIDER FACILITY,546 NORTH KEGLEY RD TEMPLE TX 76502,true,104242365,
59178163,SILENT KNIGHT SECURITY SYSTEMS,ORGANIZATION,SUPPLIER,,true,109788152,
59179602,JMA INFORMATION TECHNOLOGY,ORGANIZATION,SUPPLIER,10551 BARKLEY ST STE 400 OVERLAND PARK KS 66212-1832,true,377858544,
59183247,PALM COAST TANGLEWOOD,ORGANIZATION,SUPPLIER,24 TANGLEWOOD CT PALM COAST FL 32137-1495,true,377906103,
59183526,ALLIANCE REHAB AND MEDICAL EQUIP LLC,ORGANIZATION,SUPPLIER,2205 PETRUS CIRCLE OZARK MO 65721,true,377858209,
59185645,TCFPOACCESS FIRE PROTECTION INC,ORGANIZATION,SUPPLIER,,true,105212934,
59187138,CINCINNATI UROGYNECOLOGIC ASSOCIATES,ORGANIZATION,PROVIDER FACILITY,100 ARROW SPRINGS BLVD STE 2200 LEBANON OH 45036-7019,true,600208607,
59190559,MICRO OPTICS OF FLORIDA INC,ORGANIZATION,SUPPLIER,2840 SCHERER DR N STE 400 SAINT PETERSBURG FL 33716-1021,true,377851955,
59190576,LAIRD MEMORIAL HOSPITAL,ORGANIZATION,PROVIDER IDN,1612 S HENDERSON BLVD KILGORE TX 75662-3518,false,104011759,056823123
59193386,BENEFIT STRATEGIES LLC,ORGANIZATION,SUPPLIER,967 ELM ST STE 400 MANCHESTER NH 03101-1830,true,377864407,
59194870,FREEDOM HOLDINGS INC,ORGANIZATION,SUPPLIER,13 MOSSFIELD CT SUGAR GROVE IL 60554,true,377876527,
59197924,SULLIVAN CONSTRUCTION INC,ORGANIZATION,SUPPLIER,258 S RIVER RD BEDFORD NH 03110-6822,true,377839335,
59200065,WILLIAM CARL COOLEY,ORGANIZATION,SUPPLIER,6 AUBURN ST CONCORD NH 03301-3001,true,377862785,
59200430,LWF HOMECARE INC,ORGANIZATION,SUPPLIER,5716 LONETREE BOULEVARD ROCKLIN CA 95765,true,377846538,
59202199,HOLLYWOOD HEALTH SYSTEMS,ORGANIZATION,SUPPLIER,10 UNIVERSAL CITY PLZ STE 1770 UNIVERSAL CITY CA 91608-1002,true,377898905,
59207757,GE HFS DBA HEALTHCARE EQUIPMENT FINANCE,ORGANIZATION,SUPPLIER,,true,109816924,
59210231,ANDERSON PARRIS DBA THE NEXT LEVEL MUSI,ORGANIZATION,SUPPLIER,,true,109774076,
59210742,PLWC CORNELL SURGICAL CO,ORGANIZATION,PROVIDER IDN,30 NEW BRIDGE RD BERGENFIELD NJ 07621-4304,true,104050996,
59211005,ARROWHEAD BIBLE CAMP ARROWHEAD MINISTRIES INC,ORGANIZATION,PROVIDER FACILITY,122 ARROWHEAD COTTAGE RD BRACKNEY PA 18812-7703,true,377926281,
59221512,JUAN PRIETO,ORGANIZATION,SUPPLIER,PO BOX570873 DALLAS TX 75357,true,377903572,
59222483,BEIGENE LTD,ORGANIZATION,SUPPLIER,55 CAMBRIDGE PKWY STE 700W CAMBRIDGE MA 02142-1234,false,105122656,
428613216,SURGICAL LASER TECHNOLOGIES INC,ORGANIZATION,,,true,,
58723664,ABLE IMAGING,ORGANIZATION,PROVIDER FACILITY,157 FRIES MILL RD TURNERSVILLE NJ 08012-2017^~999 ROUTE 73 N STE 101 MARLTON NJ 08053-1227,true,600189552,
59140892,HMG SAPLING GROVE FAMILY MEDICINE JAMES H SCHRENKER MD,ORGANIZATION,PROVIDER FACILITY,240 MEDICAL PARK BLVD STE 3000ATTN: LAB DEPT. BRISTOL TN 37620-7352,true,600240659,
59158888,SOUTHEAST SURGICAL,ORGANIZATION,SUPPLIER,3355 LENOX RD NE ATLANTA GA 30326-1394,true,377890675,
59176230,4712 WORKPLACE HEALTH GRAND HAVEN NEW,ORGANIZATION,PROVIDER FACILITY,923 S BEECHTREE ST GRAND HAVEN MI 49417-2306,true,104047852,
59182731,MORNINGSIDE OF JONESBORO,ORGANIZATION,PROVIDER FACILITY,4210 S CARAWAY RD JONESBORO AR 72404-6700,true,287654942,
59244805,Smith & Nephew Inc,ORGANIZATION,SUPPLIER,"*10 CONTINENTAL, BLDG 1 EXETER NH 03833^~*331 TREBLE COVE ROAD NORTH BILLERICA MA 01862^~*400 TRADE CENTER, STE 6990 WOBURN MA 01801^~*800 VILLAGE WALK, UNIT 199 GUILFORD CT 06437^~-- -  -^~. CHICAGO IL 60675-6493^~.. .  .^~10 CONTINENTAL, BLDG 1 EXETER NH 3833^~10 TECHNOLOGY DR LOWELL MA 01851^~1001 REMINGTON BLVD STE 210 BOLINGBROOK IL 60440-5117^~101 HESSLE ROAD HULL  HU3 2BN^~1050 RED OAK LN LINDENHURST IL 60046-4998^~111 CONGRESS AVE STE 510 AUSTIN TX 78701-4076^~11775 STARKEY RD LARGO FL 33773^~11775 STARKEY RD LARGO FL 33773-4727^~120 WEST MARKET STREET ATHENS AL 35611^~1212 QUEENSWAY CT BEL AIR MD 21014-6828^~12672 SILICON DRIVE, SUITE150 SAN ANTONIO TX 78249^~130 FORBES BLVD MANSFIELD MA 02048-1145^~1450 BROOKS RD MEMPHIS TN 38116^~1450 BROOKS ROAD MEMPHIS TN 38116^~1450 E BROOKS RD MEMPHIS TN 38116-1804^~1450 E BROOKS RD150 MINUTEMAN ROAD MEMPHIS TN 38116-1804^~1450 EASTBROOKS RD MEMPHIS TN 38116^~15 ADAM STREET LONDON DE WC2N 6LA^~150 MINUTEMAN PARK ANDOVER MA 01810^~150 MINUTEMAN RD ANDOVER IL 60610^~150 MINUTEMAN RD ANDOVER MA 01810-1031^~150 MINUTEMAN RD150 MINUTEMAN ROAD ANDOVER MA 01810-1031^~150 MINUTEMAN RDSMITH & NEPHEW ANDOVER MA 01810-1031^~150 MINUTEMAN ROAD ANDOVER MA 01810^~1501 UNIVERSITY BLVD NE ALBUQUERQUE NM 87102-1708^~15350 25TH AVE N STE 100 MINNEAPOLIS MN 55447-2081^~160 DASCOMB RD ANDOVER MA 01801^~160 DASCOMB RD ANDOVER MA 01810^~160 DASCOMB RD ANDOVER MA 01810-5885^~160 DASCOMB RD ANNOVER MA 01810^~160 DASCOMB ROAD ANDOVER MA 01810^~16650 WESTGROVE DR ADDISON TX 75001-5667^~1701 ALDERSGATE RD STE 5 LITTLE ROCK AR 72205-6675^~17403 SE 23RD WAY VANCOUVER WA 98683-3311^~1751 S FORDHAM ST # 100 LONGMONT CO 80503-4608^~1950 STATE ST EAST PETERSBURG PA 17520-1325^~2021 MILLER DRIVE LONGMONT CO 80501^~2250 BOUL ALFRED-NOBEL SAINT-LAURENT QC H4S 2C9^~2280 ARGENTIA RD MISSISSAUGA ON L5N 6H8^~2280 ARGENTIA ROAD MISSISSAUGA  L5N 6H8^~2280 ARGENTIA ROAD MISSISSAUGA ONTARIO L5N 6H8^~2719 SELWYN AVE CHARLOTTE NC 28209-1758^~2905 NORTHWEST BLVD., SUITE 40 PLYMOUTH MN 55441^~307-2750 14TH AVE MARKHAM ON L3R 0B6^~3104 CHERRY PALM DR STE 220 TAMPA FL 33619-8315^~3104 CHERRY PALM DR TAMPA FL 33619-8374^~3104 CHERRY PALM DRIVE SUITE 220 TAMPA FL 33619^~3303 E HOLMES RD MEMPHIS TN 38118-8101^~333 TROY CIRCLE SUITE L KNOXVILLE TN 37919^~350 MERRIMACK STREET LAWRENCE MA 01843^~3545 SW 47TH AVE GAINESVILLE FL 32608-7691^~3909 HULEN ST FORT WORTH TX 76107-7253^~3909 HULEN ST FT WORTH TX 76107-7253^~3909 HULEN STREET FORT WORTH TX 76107^~431 S COOPER AVE CINCINNATI OH 45215-4565^~4420 TAGGART CREEK RD STE 112 CHARLOTTE NC 28208-5414^~4707 LEVY ST SAINT-LAURENT QC H4R 2P9^~4707 RUE LEVY SAINT-LAURENT QC H4R 2P9^~4900 W VICKERY BLVD FORT WORTH TX 76107-7290^~491 MAIN ST BRANFORD CT 06405-3505^~4949 SKYLINE RD ALTA LOMA CA 91701-1251^~5 HATTERS LANE WATFORD HERFORDSHIRE  WD18 8YE^~5005 BARROW AVE STE 200 CINCINNATI OH 45209-1045^~5200 NW MINNEAPOLIS MN 55485-0001^~5201 EDEN AVE STE 180 EDINA MN 55436-2449^~555 NORTH PASTORIA AVENUE SUNNYVALE CA 94086^~5600 CLEARFORK MAIN ST STE 600 FORT WORTH TX 76109-3558^~5600 CLEARFORK MAIN ST STE 600 FT WORTH TX 76109-3558^~5600 CLEARFORK MAIN STREET FT. WORTH TX 76109^~595 N PASTORIA AVE SUNNYVALE CA 94085-2916^~595 N PASTORIA AVE SUNNYVALE CA 94086^~595 N. PASTORIA AVE. SUNNYVALE CA 94085^~595 NORTH PASTONA SUNNYVALE CA 94086^~595 PASTORIA AVE SUNNYDALE CA 94086^~595 S PASTORIA AVE SUNNYVALE CA 94086-7528^~5994 WEST LAS POSITAS BLVD., SUITE 217 PLEASANTON CA 94588^~6200 DIXIE ROAD - SUITE 222 MISSISSAUGA  L5T 2E1^~6500 KAISER DR, STE 120 MENLO PARK CA 94025^~6675 MILLCREEK DR UNIT 3 MISSISSAUGA ON L5N 5M4^~6675 MILLCREEK DRIVE MISSISSAUGA ON L5N 5M4^~6685 MILLCREEK DR UNIT 5 MISSISSAUGA ON L5N 5M5^~6685 MILLCREEK DRIVE UNIT 5 MISSISSAUGA ON L5N 5M3^~6695 MILLCREEK DRIVE UNIT 5 MISSISSAUGA  L5N 5R8^~680 VAQUEROS AVE PALM BEACH GARDENS FL 33410^~680 VAQUEROS AVE SUNNYVALE CA 94085^~680 VAQUEROS AVE SUNNYVALE CA 94085-3523^~680 VAQUEROS AVENUE SUNNYVALE CA 94085^~680 VAQUEROS AVENUE SUNNYVALE CA 94085-3523^~680 VAQUEROS AVENUS SUNNYVALE CA 94085^~7000 W WILLIAM CANNON DR # 150 AUSTIN TX 78735-8509^~7000 W WILLIAM CANNON DR AUSTIN  78735-8513^~7000 W WILLIAM CANNON DR AUSTIN TX 78735-8509^~7000 W WILLIAM CANNON DR BLDG 1 AUSTIN TX 78735-8509^~7000 W WILLIAM CANNON DRBLDG 1 AUSTIN TX 78735-8509^~7000 W. WM CANNON DR BLDG.1 AUSTIN TX 78735^~7000 W. WM CANNON DRBLDG.1 AUSTIN TX 78735^~7000 W.WM CANNON DRIVE BLDG. 1 AUSTIN TX 78735^~7000 W.WM CANNON DRIVEBLDG. 1 AUSTIN TX 78735^~7000 WEST WILLAM CANNON DRIVE AUSTIN TX 78735^~7000 WEST WILLIAM CANNON DR BUILDING 1 AUSTIN TX 78735^~7000 WEST WILLIAM CANNON DRIVE AUSTIN TX 78735^~7015 ALBERT EINSTEIN DRIVE COLUMBIA MD 21046^~75 REMITTANCE DR DEPT 6493 CHICAGO IL 60675-6493^~75 REMITTANCE DRIVE SUITE 6493 CHICAGO IL 60675-6493^~75 REMITTANCE DRIVESUITE 6493 CHICAGO IL 60675-6493^~7500 RIALTO BLVD ATTN A2 P BLDG STE 100 AUSTIN TX 78735-8531^~7500 RIALTO BLVD AUSTIN TX 78735-8531^~7500 RIALTO BLVD BLDG 100 2 STE AUSTIN TX 78735-8531^~7500 RIALTO BLVD BLDG 1002 STE AUSTIN TX 78735-8531^~7500 RIALTO BLVD STE 100 PO BOX 844161 AUSTIN  78735^~7500 RIALTO BLVD STE 1002 STE AUSTIN TX 78735-8532^~7500 RIALTO BLVD SUNNYVALE CA 94085^~7500 RIALTO BLVD. BLDG 2, STE 100 AUSTIN  78735^~7500 RIALTO BLVD. BUILDING TWO, SUITE 100 AUSTIN TX 78735^~7500 RIALTO BLVD.BUILDING TWO, SUITE 100 AUSTIN TX 78735^~800 VILLAGE WALK, UNIT 199 GUILFORD CT 6437^~8254 BROOKS RD MEMPHIS TN 87102^~970 LAKE CARILLON DR STE 110 SAINT PETERSBURG FL 33716-1130^~970 LAKE CARILLON DR STE 110 ST PETERSBURG FL 33716-1130^~970 LAKE CARILLON DR SUITE 110 ST PETERSBURG FL 33716^~970 LAKE CARILLON DR, STE 110 ST. PETERSBURG FL 33716^~970 LAKE CARILLON DR., STE. 100 ST. PETERSBURG FL 33716^~970 LAKE CARILLON DRIVE SUITE 110 ST PETERSBURG  33716^~970 LAKE CARILLON DRIVESUITE 110 ST PETERSBURG  33716^~BERGHAUSER STRASSE 62 REMSCHEID  42859^~BLOEMLAAN 2 HOOFDDORP  2132NP^~BOX 4090 STN A, 911040 TORONTO  M5W 0E9^~BOX 785921 PHILADELPHIA PA 19178^~C/O 911040 17 GOLGVIEW BLVD. BRADFORD ON L3Z 2A6^~CROXLEY PARK BUILDING 5 HATTERS LANE WATFORD HERFORDSHIRE  WD18 8YE^~DEPT CH 10785 PALATINE IL 60055-0785^~ENT & ORTHOPAEDIC INC CHICAGO IL 60673-3027^~MAINSTR.2 MARL  45768^~N104W13400 DONGES BAY RD GERMANTOWN WI 53022-4441^~NA NAPA CA NA^~NORTHWEST 5200 PO BOX 1450 MINNEAPOLLIS MN 55485^~NW 5200 MINNEAPOLIS MN 55485^~NW5200 MINNEAPOLIS MN 55485^~NW5200 PO BOX 1450 MINNEAPOLIS MN 554851450^~NW5200 POBOX 1415 MINNEAPOLIS MN 55485^~NW5200-PO # 1450 MINNEAPOLIS MN 55485-0001^~NW5200PO BOX 1450 MINNEAPOLIS MN 55485^~ONE QUALITY DR BOX 1005 GERMANTOWN WI 53022-8205^~ONE QUALITY DRBOX 1005 GERMANTOWN WI 53022-8205^~P.O BOX 951605 DALLAS TX 75395-1605^~P.O. BOX 60333 CHARLOTTE  28260-0333^~P.O. BOX 844161 DALLAS TX 75284-4161^~PO BOX 1450 MINNEAPOLIS MN 55485^~PO BOX 1450 NW 5200 MINNEAPOLIS MN 55485-1450^~PO BOX 1450 NW5200 MINNEAPOLIS MN 55485^~PO BOX 205651 DALLAS TX 75320-5651^~PO BOX 205651SIGHTPATH MEDICAL INC DALLAS TX 75320-5651^~PO BOX 2544 SPARTANBURG SC 29304-2544^~PO BOX 2545 SPARTANBURG SC 29304-2545^~PO BOX 3720 BOSTON MA 02241-0001^~PO BOX 5099 BOLINGBROOK IL 60440-5099^~PO BOX 60333 CHARLOTTE NC 28260-0333^~PO BOX 644161 DALLAS TX 75284-0001^~PO BOX 6967 CHICAGO IL 60693-0001^~PO BOX 70127 CHICAGO IL 60673-0001^~PO BOX 7609 SAN FRANCISCO CA 94120-7609^~PO BOX 785921 PHILADELPHIA PA 19178^~PO BOX 842935 DALLAS TX 75284-2935^~PO BOX 84416 DALLAS TX 75284-0001^~PO BOX 844161 DALLAS TX 73735^~PO BOX 844161 DALLAS TX 75284^~PO BOX 844161 DALLAS TX 75284-4161^~PO BOX 844161 DALLASS TX 75284-4161^~PO BOX 901733 DALLAS TX 75391-0733^~PO BOX 905390 CHARLOTTE NC 28290-5390^~PO BOX 905706 CHARLOTTE NC 28290-5706^~PO BOX 93027 CHICAGO IL 60673-3027^~PO BOX 93040 CHICAGO IL 60673-0001^~PO BOX 933782 ATLANTA GA 31193^~PO BOX 933782 ATLANTA GA 31193-3782^~PO BOX 951605 DALLAS TX 75395-1605^~SMITH & NEPHEW, INCATLANTA DISTRICT OFFICE SANDY SPRINGS GA 30350^~SMITH AND NEPHEW ANDOVER MA 01810",true,101027030,040218679
59430419,CHILDRENS CHOICE 1516 TEXAS STATION,ORGANIZATION,PROVIDER FACILITY,3755 W LAKE MEAD BLVD NORTH LAS VEGAS NV 89032-4897,true,600244660,
59434715,AXOM ACQUISITION CO,ORGANIZATION,SUPPLIER,,true,109785676,
59435281,THEDACARE AT HOME,ORGANIZATION,PROVIDER FACILITY,3000 E COLLEGE AVE APPLETON WI 54915-3251,true,377936998,
59436359,THERAPEUTIC SESSIONS CORP,ORGANIZATION,SUPPLIER,3905 DIX ST NE WASHINGTON DC 20019-1401,false,105151597,
59439392,OVERLAND TRAILS ACUTE,ORGANIZATION,PROVIDER FACILITY,"10 E 31ST STGOOD SAMARITAN HOSPITAL, SECOND FLOOR KEARNEY NE 68847-2926^~10 EAST 31ST STREET KEARNEY NE 68847^~10 EAST 31ST STREET KEARNEY NE 69947",false,103010843,
59441520,YIWU ORIPOWER MEDTECH COLTD,ORGANIZATION,SUPPLIER,,false,,
59442915,CARE RESOURCES CELLULAR SERVICES ONLY,ORGANIZATION,PROVIDER FACILITY,171 KINGS HWY BROOKLYN NY 11223-1023,true,600207733,
59445622,MIDDLETON CLIFTON,ORGANIZATION,SUPPLIER,,true,109740393,
59446419,HORTONS ORTHOTIC LAB,ORGANIZATION,SUPPLIER,5220 W 12TH ST LITTLE ROCK AR 72204-1857,true,377865109,
59447036,HOME HEALTH CARE OF MIDDLE TENNESSEE LLC,ORGANIZATION,SUPPLIER,2 INTERNATIONAL PLZ STE 901 NASHVILLE TN 37217-2015,true,377868540,
59449106,INDIANA SPORTS MEDICINE AND ORTHOPAEDICS,ORGANIZATION,PROVIDER FACILITY,10216 DUPONT CIRCLE DR E STE 102 FORT WAYNE IN 46825-1611^~2936 FRONTAGE RD WARSAW IN 46580-3914,true,600209322,
59451257,MIDWAY PRESS LTD,ORGANIZATION,SUPPLIER,,true,109766509,
59463494,GROUND PENETRATING RADAR SYSTEMS INC,ORGANIZATION,SUPPLIER,6800 W CENTRAL AVE STE E1 TOLEDO OH 43617-1157^~7540 NEW WEST RD TOLEDO OH 43617-4200,true,377840995,
59465135,STUCKEY SAFETY SERVICE LLC,ORGANIZATION,SUPPLIER,224 CONNELL LN CAIRO GA 39828-6124,false,105132632,
59466133,THE BOERKE CO INC,ORGANIZATION,SUPPLIER,,true,109742254,
710047979,WATERLOO INDUSTRIES INC,ORGANIZATION,,,false,,
710053722,TCFPOBUYATHREAD LLC,ORGANIZATION,SUPPLIER,,true,,
710057059,WATTS LTD,ORGANIZATION,SUPPLIER,,true,,
710057728,TCFPODRONELIVERY LLC,ORGANIZATION,SUPPLIER,,true,105242934,
710058107,BIO BASIC USA INC,ORGANIZATION,SUPPLIER,4160 BAILEY AVENUE ALABASTER AL 35007,true,105244611,
710060169,ARCHER DENTAL INC,ORGANIZATION,SUPPLIER,,true,,
710061259,VXS IMAGING 111227,ORGANIZATION,SUPPLIER,12503 EXCHANGE DR STE 514 STAFFORD TX 77477-3607,true,105244296,
2211135172,ZARBO MEDICAL INC,ORGANIZATION,SUPPLIER,,true,109343667,
2211135898,48456,ORGANIZATION,SUPPLIER,,true,111499498,
2211136394,GUIDANTCARDIAC RHYTHM MGMT DIV,ORGANIZATION,SUPPLIER,,true,110121389,
2211138370,23194,ORGANIZATION,SUPPLIER,,true,111490463,
2211140261,HEATCRAFT,ORGANIZATION,SUPPLIER,,true,110788811,
2211147925,BARRXM,ORGANIZATION,SUPPLIER,,true,111517315,
2211149778,AUGUSTA HEALTH OUTPATIENT PAVILION,ORGANIZATION,PROVIDER FACILITY,23 NORTH CAMPUS DRIVE FISHERSVILLE VA 22939^~P.O. BOX 1000 FISHERSVILLE VA 22939,true,109234944,
2211151349,INNEURO CO INC,ORGANIZATION,SUPPLIER,,true,110478819,
428618537,HE WILLIAMS INC,ORGANIZATION,SUPPLIER,,true,,
428621793,WHITERODGERS,ORGANIZATION,SUPPLIER,,true,105269595,
58713814,JENCARE  HAMPTON,ORGANIZATION,PROVIDER FACILITY,49 W MERCURY BLVD HAMPTON VA 23669-2508,false,104327752,
58714910,THE OAKS HEALTHCARE CENTERPOTEAULLC,ORGANIZATION,SUPPLIER,1501 CLAYTON AVE POTEAU OK 74953-4102,false,105065972,
58718671,AURORA OF STATESVILLE,ORGANIZATION,PROVIDER FACILITY,1902 ORA DR STATESVILLE NC 28625-6343,true,600146806,
58718829,COMPREHENSIVE MEDICAL NETWORK,ORGANIZATION,PROVIDER FACILITY,102 N MAIN ST OLD FORGE PA 18518-1726,true,600142239,
58721193,THE ENDOCRINE CENTER LTD LLP,ORGANIZATION,PROVIDER FACILITY,10837 KATY FWY STE 200 HOUSTON TX 77079-2212,true,600152505,
58723935,PRESSURE MANAGEMENT RESOURCES PMR,ORGANIZATION,SUPPLIER,6935 APPLING FARMS PKWY MEMPHIS TN 38133-4728,true,377887668,
58726739,IRONMOUNTAININFOMGMT,ORGANIZATION,SUPPLIER,,true,109816112,
58725101,SIMPLY SPANISHINC,ORGANIZATION,SUPPLIER,41507 GREENBRIAR LN PLYMOUTH MI 48170-2625,true,377882422,
58730917,INSTITUTE FOR SAFE MEDICATION PRACTICES,ORGANIZATION,SUPPLIER,200 LAKESIDE DR STE 200 HORSHAM PA 19044-2321,true,377873773,
58734427,CORDOBA CORP,ORGANIZATION,SUPPLIER,9303 CHESAPEAKE DR SAN DIEGO CA 92123-1043,false,104277267,
58736470,MUKESH M GANDHI MD PA,ORGANIZATION,PROVIDER FACILITY,409 E GEORGIA ST WOODRUFF SC 29388-1915,true,600178940,
58738196,RUSHING JASON,ORGANIZATION,SUPPLIER,,true,109756932,
58738445,HOME CARE,ORGANIZATION,PROVIDER FACILITY,,false,104036774,
58741382,FISHERY PRODUCTS INTERNATIONAL,ORGANIZATION,SUPPLIER,9924 NORWALK BLVD SANTA FE SPRINGS CA 90670-3322,true,104025590,
58748472,OUTREACH HEALTH SERVICES,ORGANIZATION,PROVIDER FACILITY,120 W MCLAIN ST SEYMOUR TX 76380-2537^~1571 S VETERANS BLVD STE A EAGLE PASS TX 78852-6674^~170 ITALY ST HEMPHILL TX 75948-9835^~1700 N BEDELL AVE STE E DEL RIO TX 78840-7886^~222 PENNBRIGHT DR STE 210 HOUSTON TX 77090-5907^~269 RENNER PKWY RICHARDSON TX 75080-1316^~503 FM 1431 STE 102 MARBLE FALLS TX 78654-5253^~504 E COLORADO ST PEARSALL TX 78061-3212^~505 E HUNTLAND DR STE 550 AUSTIN TX 78752-3762^~5151 FLYNN PKWY STE 627 CORPUS CHRISTI TX 78411-4392^~5311 S MCCOLL RD EDINBURG TX 78539-9168^~6502 NURSERY DR STE 302 VICTORIA TX 77904-1181^~802 W HOLLAND AVE STE C ALPINE TX 79830-5602^~813 N MAIN ST CORSICANA TX 75110-3048^~8408 SIX FORKS RD RALEIGH NC 27615-3076^~87 INTERSTATE 10 N STE 115 BEAUMONT TX 77707-2501,true,600123901,
58749335,FOREST HILLS PHARMACY DJ DRUG CORP,ORGANIZATION,PROVIDER FACILITY,6414 108TH ST FOREST HILLS NY 11375-1604,true,600181428,
58752516,PUGET SOUND ELECTRICAL APPTRAIN TRUST,ORGANIZATION,SUPPLIER,,true,109744539,
58755267,JYOTI GULATI BALACHANDRAN,ORGANIZATION,SUPPLIER,,true,109779788,
58759130,JIM DELURGIO,ORGANIZATION,SUPPLIER,209 VIA EL TORO REDONDO BEACH CA 90277-6561,true,377871420,
58764287,SMART PRACTICE BUILDERS AR,ORGANIZATION,SUPPLIER,106 N 6TH ST STE A MOREHEAD CITY NC 28557-3800,true,377901345,
58771712,MEDPOINT EXPRESS COBBLESTONE,ORGANIZATION,PROVIDER FACILITY,3900 E BRISTOL ST ELKHART IN 46514-4466,false,104019644,
58775519,GOODARD SCHOOL  WINTER GARDEN,ORGANIZATION,PROVIDER FACILITY,2007 AVALON RD WINTER GARDEN FL 34787,false,105104811,
58778077,TCFPOSKILLTUNE TECHNOLOGIES INC,ORGANIZATION,SUPPLIER,,true,105213646,
58779306,JAMES WEST EQUITIES HOLDINGS LIMITED LIABILITY COMPANY,ORGANIZATION,SUPPLIER,40 W 57TH ST FL 15 NEW YORK NY 10019-4001,false,105178520,
58783910,TCFPOCORP ABBVIE,ORGANIZATION,SUPPLIER,,true,105218993,
58791633,PATRICK RYANS MODERN PRESS,ORGANIZATION,SUPPLIER,1 COLONIE STREET ALBANY NY 12207,true,377849702,
58801624,DUCHESNE HIGH SCHOOL FSC,ORGANIZATION,PROVIDER FACILITY,2550 ELM ST SAINT CHARLES MO 63301-1443,true,600224281,
58802483,WALGREENS 4689,ORGANIZATION,PROVIDER FACILITY,606 VALLEY ST MANCHESTER NH 03103-4305,true,600169738,
58806327,ALMSTEAD TREE AND SHRUB CARE COMPANY,ORGANIZATION,SUPPLIER,58 BEECHWOOD AVE NEW ROCHELLE NY 10801,true,377882614,
58808985,BETTER BASICS INC,ORGANIZATION,SUPPLIER,,false,,
58757409,PORTNEUF EMPLOYED PHYSICIANS,ORGANIZATION,PROVIDER FACILITY,,true,109736758,
58758039,CHEZARE A WARREN,ORGANIZATION,SUPPLIER,,true,109773754,
58775332,SLHNFORKS TOWNSHIP PT CC 10710916,ORGANIZATION,PROVIDER FACILITY,2003 SULLIVAN TRL STE 3 EASTON PA 18040-8339,false,105110094,
58806260,MEDICLEAN HEALTHCARE LAUNDRY,ORGANIZATION,SUPPLIER,PO BOX 34 ODESSA DE 19730,true,104110159,
58820652,DIETIKER USA INC,ORGANIZATION,SUPPLIER,210 INDUSTRIAL RD STE 215 SAN CARLOS CA 94070-2395,false,105130667,
58822744,WALGREENS 4790,ORGANIZATION,PROVIDER FACILITY,5082 E LAKE MEAD BLVD LAS VEGAS NV 89115-3666,true,600177812,
58823600,TARGET 904,ORGANIZATION,PROVIDER FACILITY,2140 S POKEGAMA AVE GRAND RAPIDS MN 55744-2507,true,600116996,
58824089,TINKA A BARRIOS,ORGANIZATION,SUPPLIER,,true,109802891,
58828093,CTR FOR INDEPENDENC OF THE DISABLE IN NY,ORGANIZATION,SUPPLIER,,true,109772917,
58828642,MILTON RHODES CTR FOR THE ARTS,ORGANIZATION,SUPPLIER,,true,109793894,
58829576,MEDICAL ASSOCIATION CLINIC,ORGANIZATION,PROVIDER IDN,772 E DAKOTA AVE PIERRE SD 57501^~772 E DAKOTA AVE PIERRE SD 57501-3350,true,104021127,
58832869,PREDICTIVE TECHNOLOGY INC,ORGANIZATION,SUPPLIER,11011 Q ST STE 103C OMAHA NE 68137-3700,false,105057455,
58834893,PROVIDENCE MEMORIAL HOSPITAL,ORGANIZATION,PROVIDER IDN,2001 N OREGON ST EL PASO TX 79902-3320,true,104025652,
58835505,DOCTORS MEDICAL CTR FACILITY,ORGANIZATION,PROVIDER FACILITY,2000 VALE RD SAN PABLO CA 94806-3808,true,104064390,
58836426,KNUTSONS RECREATIONAL SALES INC,ORGANIZATION,SUPPLIER,164 WAMPLERS LAKE RD # 457 BROOKLYN MI 49230-9585,true,105166157,
58839603,ASPEN DOOR SUPPLY INC,ORGANIZATION,SUPPLIER,1195 ROCHESTER RD STE P TROY MI 48083-6027,true,377856628,
58843711,QUINTILES,ORGANIZATION,SUPPLIER,222 INVERNESS PKWY BIRMINGHAM AL 00000,true,377900228,
58851232,THAYER COUNTY BANK,ORGANIZATION,PROVIDER FACILITY,402 LINCOLN AVE HEBRON NE 68370-1526,false,104269813,
58851489,DICKERTS MOVING  STORAGE INC,ORGANIZATION,SUPPLIER,310 DURST AVE EP.O. BOX 941 GREENWOOD SC 29649-3121,true,377840900,
58852605,WEST LICKING JOINT FIRE DISTRICT,ORGANIZATION,SUPPLIER,,true,109796543,
58853858,KASHIRA DOWRIDGE,ORGANIZATION,SUPPLIER,,true,109796515,
58854469,ARIZONA MINIMALLY INVASIVE SINUS INSTITUTE,ORGANIZATION,PROVIDER FACILITY,19636 N 27TH AVE STE 206 PHOENIX AZ 85027-4015,false,105102423,
58854582,WALGREENS 16260,ORGANIZATION,PROVIDER FACILITY,36 HILLSIDE AVE HILLSIDE NJ 07205-1806,true,377924749,
58856308,WAGES,ORGANIZATION,PROVIDER FACILITY,601 ROYALL AVE GOLDSBORO NC 27534-2570,true,600123432,
58857516,RESURGENS RISK MANAGEMENT,ORGANIZATION,SUPPLIER,1201 PEACHTREE ST NE STE 1730 ATLANTA GA 30361,true,377881300,
58701605,PHARMACY INNOVATIONS SOUTHERN TIER HOME INFUSION INC,ORGANIZATION,PROVIDER FACILITY,4661 HAYGOOD RD STE 101 VIRGINIA BEACH VA 23455-5435,true,600187215,
58769611,BARONE COMBUSTION CORP DBA AUTOMATIC BOILER CO,ORGANIZATION,SUPPLIER,2025 W COMMONWEALTH AVE STE D FULLERTON CA 92833-3043,true,377837074,
58771830,ADVANCED BRACE  LIMB INC,ORGANIZATION,SUPPLIER,4140 FERNCREEK DR STE 803 FAYETTEVILLE NC 28314-2572,true,377855314,
58810811,CLAUDE E YOUNES MD,ORGANIZATION,PROVIDER FACILITY,1300 MINERAL SPRING AVE NORTH PROVIDENCE RI 02904-4606,true,600238561,
58852761,JENNIEO,ORGANIZATION,SUPPLIER,2505 WILLMAR AVE SWPO BOX 778 WILLMAR MN 56201-2711,false,104033590,
58856512,MONONGALIA HEALTH MEDICAL CENTER,ORGANIZATION,SUPPLIER,,true,109751237,
58858546,UNIVERSITY OF VIRGINIA RADIOLOGY,ORGANIZATION,PROVIDER FACILITY,2955 IVY RD STE 102 CHARLOTTESVILLE VA 22903-9353^~2955 IVY RD SUITE 109 CHARLOTTESVILLE VA 22908-0001^~326 MASSIE RD CHARLOTTESVILLE VA 22903-1749^~LEE ST CHARLOTTESVILLE VA 22908-0001,true,104000906,
59057460,CERNER CORP,ORGANIZATION,SUPPLIER,-- -  -^~2702 ROCK CREEK PKWY KANSAS CITY MO 64117-2519^~2800 ROCK CREEK PKWY KANSAS CITY MO 64117-2521^~2800 ROCKCREEK PARKWAY KANSAS CITY MO 64117-2551^~2800 ROCKCREEK PKWY KANSAS CITY MO 64117^~2800 ROCKCREEK PKWY KANSAS CITY MO 64117-2521^~2800 ROCKCREEK PKWY NORTH KANSAS CITY MO 64117-2521^~88253 EXPEDITE WAY CHICAGO IL 60695-0001^~9359 W. 75TH STREET OVERLAND PARK KS 66204^~P.O. BOX 412702 KANSAS CITY MO 641170000^~PO BOX 412702 KANSAS CITY MO 64141-2702^~PO BOX 412732 KANSAS CITY MO 64141-2732,true,104006739,
59194920,TRIDENTCARE,ORGANIZATION,SUPPLIER,,true,109762735,
59427139,GLOBAL PROTECTION CORP,ORGANIZATION,SUPPLIER,12 CHANNEL ST BOSTON MA 02210^~12 CHANNEL ST BOSTON MA 02210-2318^~12 CHANNEL ST STE A BOSTON MA 02210-2340,true,104014508,
710045645,WESCO INDUSTRIAL PRODUCTS INC,ORGANIZATION,,,true,,
710058495,PRESCOWEBBER,ORGANIZATION,SUPPLIER,,true,,
428619863,SIMS SURGICAL,ORGANIZATION,SUPPLIER,,true,,
428624147,EVENUP,ORGANIZATION,SUPPLIER,,true,,
710047291,FOREST PHARMACEUTICALS INC,ORGANIZATION,,,true,,
710052987,ATLANTA HOSIERY CO,ORGANIZATION,SUPPLIER,,true,,
710061362,SYSTEMS MANUFACTURING CORP SMC,ORGANIZATION,SUPPLIER,,true,,
428613301,RAD CARE PRODUCTS INC,ORGANIZATION,,,true,,
428613739,HEMAEDICS INC,ORGANIZATION,,,true,,
428620297,SPECTRUM DENTAL,ORGANIZATION,SUPPLIER,,true,,
59043175,CREATIVE MEDICAL DESIGNS INC,ORGANIZATION,SUPPLIER,13914 SHADY SHORES DR TAMPA FL 33613-1900^~13914 SHADY SHORES DRIVE TAMPA FL 33613,true,104009970,
59048854,AKROS MEDICAL,ORGANIZATION,SUPPLIER,3503 PLEASANT GREEN RD DURHAM NC 27705-7144,true,377936893,
58764912,SCILOGEX LLC,ORGANIZATION,SUPPLIER,,true,109765586,
59169257,INFINITY BIOLOGIX LLC,ORGANIZATION,SUPPLIER,145 BEVIER RD145 BEVIER ROAD PISCATAWAY NJ 08854-8009,true,105173153,
58913880,BOELTER CO,ORGANIZATION,SUPPLIER,N22 W23685 RIDGEVIEW PARKWAY WEST WAUKESHA WI 53188-1013^~PO BOX 1451 MILWAUKEE WI 53201-1451,true,104084502,
58964336,MICROSURGERY INSTRUMENTS INC,ORGANIZATION,SUPPLIER,7211 REGENCY SQ BLVD STE 223 HOUSTON TX 77036-3122^~P.O. BOX 1378 BELLAIRE TX 77401^~PO BOX 1378 BELLAIRE TX 77402-1378,true,104054327,
58877712,BIOJECT INC,ORGANIZATION,SUPPLIER,,true,104014356,
59031029,SPORTIME,ORGANIZATION,SUPPLIER,3155 NORTHWOODS PKWY PEACHTREE CORNERS GA 30071-1539^~PO BOX 922668 NORCROSS GA 30010-2668,true,104013946,
710045419,EMPIRE PAPER CO,ORGANIZATION,,,true,,
710047310,DAYDOTS,ORGANIZATION,,,true,,
710047529,QUANTA TECHNOLOGIES,ORGANIZATION,,,true,,
710054190,SAFETY SUPPLY ILLINOIS INC,ORGANIZATION,SUPPLIER,,true,,
710054983,BIOQ PHARMA,ORGANIZATION,SUPPLIER,,true,,
710055661,HARVARD BIOSCIENCES INC,ORGANIZATION,SUPPLIER,,true,,
428613668,SAMUELS PRODUCTS INC,ORGANIZATION,,,true,,
428619393,UNITED FACILITY SUPPLIES,ORGANIZATION,SUPPLIER,,true,,
428620269,ADVANTAGE MEDICAL CABLES INC,ORGANIZATION,SUPPLIER,,true,,
59118761,CFM TECHNOLOGIES INC,ORGANIZATION,SUPPLIER,1440 S LIPAN ST DENVER CO 80223-3411^~1440 S LIPAN STCFM COMPANY DENVER CO 80223-3411^~6100 FROST PL STE B LAUREL MD 20707-2928,true,377834266,