SUPPLIERID,SUPPLIERNAME
1,Cardinal - Med/Surg
3,tsplr
4,BD Micro
5,Ventana
6,W. L. Gore and Associates
7,C R BARD INC
8,US Surgical
9,TEST
10,US Surgical / Auto Suture
11,EV3 INC - INACTIVE
19,MEDTRONIC USA INC
20,MEDTRONIC SOFAMOR DANEK - INACTIVE
21,BOSTON SCIENTIFIC CORP
22,ALLSCRIPTS
23,Guidant Sales Corporation
26,Staples Corp
27,IBM CORPORATION
31,CARDINAL HEALTH PHARMACY DISTRIBUTION
38,MMS-A MEDICAL SUPPLY COMPANY
49,J & J HEALTH CARE SYSTEMS INC.
50,KENDALL
51,Abbott St Jude
52,Corporate Express Doc & Print MGM
54,CARDINAL HEALTH PHARMACY
62,Cardinal Healthcare
63,COCHLEAR CORPORATION
64,St Jude Medical INC
65,"LivaNova USA, Inc."
66,Abbott Laboratories Inc.
67,Diagnostic Hybrids Inc
68,McKesson
69,Arthrex Inc.
70,Custom Spine
71,STRYKER ORTHOPAEDICS
72,Smith & Nephew - Wound
73,DATASCOPE CORPORATION
74,BECKMAN COULTER INC
75,CARE COMMUNICATIONS
76,BIOMET MICROFIXATION
77,BD DIAGNOSTIC
78,SPECIALTY MEDICAL SYSTEMS INC
79,EXOGEN INC
80,ADVANCED MEDICAL PARTNERS
81,"CSA MEDICAL, INC"
82,Darci Test
83,NANOSPHERE
84,STRYKER INSTRUMENTS
85,Musculoskeletal Transplant Foundation
86,"DePuy Synthes Sales, Inc."
87,UROSOURCE
88,ZIMMER
89,"BIOMET ORTHOPAEDICS, INC."
90,STRYKER CRANIO
91,ANGIODYNAMICS
92,QUEST MEDICAL
93,"MINDRAY US, INC."
94,OWENS AND MINOR INC
95,"DMS Imaging, Inc."
96,GE HEALTHCARE NOH
97,SMITH AND NEPHEW ENDOSCOPY
98,KLS MARTIN LLP
99,Signus Medical
100,MERIT MEDICAL SYSTEMS
101,ADVANCED BIONICS LLC
102,"Allergan USA, Inc."
103,HANGER
104,BAXTER HEALTHCARE CORPORATION
105,AD-TECH MEDICAL INSTRUMENT
106,LIFECELL CORP.
107,INTEGRA LIFESCIENCES
108,"DEROYAL INDUSTRIES, INC"
109,MEDRAD INC
110,SURGIPATH MEDICAL INDUSTRY
111,ACUMED
112,Siemens Healthcare Diagnostics
113,MENTOR CORPORATION
114,INVITROGEN CO
115,AESCULAP
116,STRYKER MEDICAL
117,TRIPATH
118,OSTEOMED CORPORATION
119,DAKO NORTH AMERICA INC
120,TORNIER
121,VOLCANO
122,COOK MEDICAL LLC
123,OR SOLUTIONS INC
124,STRYKER BIOTECH
125,KCI USA
126,GYRUS ENT INC
127,Mallinckrodt
128,CRYOLIFE INC
129,GYRUS
130,GEN PROBE
131,DEPUY ORTHOPEDICS CORP
132,VASCULAR SOLUTIONS
133,STRYKER ENDOSCOPY
134,AMERICAN RED CROSS
135,ORTHOVITA
136,ASPEN SURGICAL PRODUCTS
137,"FHENIX ENTERPRISES, LLC"
138,K2M LLC
139,GIVEN IMAGING INC
140,OSTEOTECH
141,"THD AMERICA, INC."
142,PENUMBRA INC
143,DATA DISTRIBUTING
144,BRAINLAB INC
145,RADIOMETER AMERICA INC
146,SALIENT SURGICAL TECHNOLOGY
147,BIOTEST PHARMACEUTICALS CORPORATION
148,TRI-ANIM
149,"EXACTECH, U.S., Inc"
150,DIAGNOSTICA STAGO
151,HOLOGIC INC
152,MOBILE SURGICAL LASERS INC
153,Fujirebio Diagnostics
154,TERUMO CARDIOVASCULAR SYSTEMS
155,RURAL METRO AMBULANCE
156,DIAMEDIX CORPORATION
158,BIOLITIC INC
159,EMD Millipore Corp.
160,RICHARD WOLF MED INSTRUMENTS
161,Coloplast Corp
162,VITALCOR
163,DiaSorin Molecular LLC
164,ENDOLOGIX
165,ATTOSTAR
166,Fisher Scientific Company LLC
167,ARGON MEDICAL
168,MAQUET
169,Global Life Sciences Solutions USA LLC
170,MXR IMAGING
171,STAPLES TECHNOLOGY SOLUTIONS
172,PHILIPS MEDICAL
173,OLYMPUS AMERICA
174,AIRGAS SOUTH
175,ZOLL MEDICAL CORP.
176,MAQUET CARDIOVASCULAR
177,OFFICEMAX
178,Wells Supplier
179,MERIDIAN BIOSCIENCE
180,ADVANCED BIONICS
181,ALPHATEC SPINE
182,CERNER CORP
183,nThrive
184,"VARIAN MEDICAL SYSTEMS, INC."
185,THYSSENKRUPP ELEVATOR
186,STRYKER SALES CORPORATION
187,KIMBERLY-CLARK CORPORATION
188,APPLIED MEDICAL
189,NUVASIVE
190,LANTHEUS MEDICAL
191,Mentor Worldwide
192,MEGADYNE MEDICAL
193,"Clinical Micro Sensors, Inc"
194,ASPECT MEDICAL SYSTEMS
195,Hanger Inc. (INACTIVE)
196,EXACTECH INC
197,CAREFUSION VIASYS
198,LINVATEC
199,SIEMENS FIRE SAFETY
200,CONMED CORP
201,CENTURION
202,A CHEM PRODUCTS
203,GE MEDICAL SYSTEMS INC
204,NAS RECRUITMENT
205,MOBILE INSTRUMENT
206,INSTRUMENTATION LAB
207,PARTS SOURCE
208,"TOSHIBA AMERICA MEDICAL SYSTEMS, INC."
209,AIRGAS MIDSOUTH
210,HILLYARD INC
211,ANGIO TECH
212,FOCUS DIAGNOSTICS - LAB SERVICES
213,TREK DIAGNOSTIC
214,LMA AMERICA
215,SUPERIOR LINEN
216,SURGICAL MONITORING
217,THERAPEUTIC RADIOLOGISTS
218,CONMED LINVATEC
219,Shaugnessy Kniep
220,SNACKS ON RACKS
221,RECOVERCARE
222,US ENGINEERING
223,BIOMERIEUX
224,TELEFLEX MEDICAL INCORPORATED
225,ARROW
226,BLUE ENDO
227,ST LUKE'S HOSPITAL (KC)
228,ORTHOFIX
229,STRYKER ENDOSCOPY (NW)
230,GE HEALTHCARE (NW)
231,PETNET SOLUTIONS
232,TRANS1
233,STEELCRAFT INC
234,STRYKER CRANIO (NW)
236,OLYMPUS (NW)
237,OLYMPUS (NE)
238,COVIDIEN
239,STRYKER SPINE
240,Press Ganey Associates
241,MDM HEALTHCARE
242,Hospice Pharmacia
243,REMEL INC
244,COMPRESSION DYNAMICS
245,NATUS MEDICAL
246,MORRIS INNOVATIVE
247,SAGE PRODUCTS
248,PROTECH LEADED EYEWEAR
249,MEDICAL STAFFING NETWORK
250,LEICA MICROSYSTEMS
251,COMPRESSION THERAPY CONCEPTS
252,LEICA BIOSYSTEMS
253,Specialty Laboratories
254,MOBILE INSTRUMENT SERVICE & REPAIR
255,IMMUCOR
256,MEDASSETS-WFS
257,ARUP LABORATORIES
258,SPACE COAST CLEANING INC
259,WELCH ALLYN
260,Biomet 3i
261,"Alcon Vision, LLC"
262,SANOFI PASTEUR
263,TRIAD ISOTOPES
264,OTIS ELEVATOR
268,Test Supplier - 2
269,BESSE MEDICAL
270,INTERMETRO INDUSTRIES CORPORATION
271,GETINGE USA INC
272,Test Supplier 3
273,BEST MEDICAL INTERNATIONAL
274,"Performance Health Supply, Inc."
275,"ABIOMED, INC"
276,Fujifilm Sonosite Inc
277,HILL-ROM
278,ARMSTRONG MEDICAL
279,ABBOTT NUTRITION
280,CA REDING
281,FFF ENTERPRISES
285,Test Supplier A
287,TestSupplier
288,KARL STORZ
289,"MECTRA LABS, INC"
290,ADVANTAGE MEDICAL CABLES AND ELECTRONICS
293,MEDARTIS INC
294,"THE BLOOD ALLIANCE, INC"
295,TIDI PRODUCTS
296,HARTMANN USA INC
297,TRINITY STERILE INC
299,"COMPUTER SECURITY PRODUCTS, INC."
300,CAREFUSION 209
301,CAREFUSION 211
302,"ALL MEDICAL CARE, LLC"
303,ALEGENT HEATH RECEIVABLES
305,M&M PROFESSIONAL GROUNDS MAINTENANCE
306,PANVIVA
307,ACCUPATH DIAGNOSTICS
308,MEDLINE
309,COOPER SURGICAL
310,ORACLE AMERICA INC
311,ORGANOGENESIS INC
312,ATRICURE
313,"Peter Brasseler Holdings, LLC"
314,MEDELA INC
315,BELL MEDICAL
316,CIOX HEALTH LLC
317,ACCLARENT
318,BAUSCH AND LOMB
319,"Bryant Medical Expert Equipment Service, Inc"
320,BURNS PRINTING
321,CARDINAL HEALTH NUCLEAR
322,CAREFUSION SOLUTIONS LLC
323,CENTRAL ADMIXTURE PHARMACY
324,CIBER
325,CLAYCO ELECTRIC COMPANY
326,CONTROL PRINTING GROUP
327,DOOR CONTROLS INC
328,"IMAGEFirst ULTIMATE HOLDINGS, LLC"
329,FRESENIUS MEDICAL CARE
330,JOHNSON AND JOHNSON HEALTHCARE
331,KOCH FILTER CORP
332,LUMINOUS NEON
333,MID AMERICAN KIDNEY STONE
334,NORTH COAST MEDICAL
335,OC TANNER SALES
336,PRIVATE EYES INC
337,PUR-O-ZONE
338,ROBERTS DAIRY
339,SECURITAS SYSTEMS
340,ST. JOHN COMPANIES
341,SURGICAL ADVANTAGE
342,SURGICAL SPECIALTIES CORP
343,WALTZ TETRICK ADVERTISING
344,AIRGAS CORP
345,STRYKER COMMUNICATIONS
346,STRYKER NEUROVASCULAR
347,Ezy Wrap
348,SURGICAL NOTES MDP LLP
349,PRECISION DYNAMICS
350,GE Healthcare IITS
351,SPECIALTY CARDIOVASCULAR RESOURCES
352,DATEX OHMEDA
353,MIZUHO OSI
354,STRYKER SUSTAINABILITY
355,HILAND DAIRY FOOD COMPANY LLC
356,CASING SCIENTIFIC
357,GE HEALTHCARE INC
358,MEDTRONIC MINIMED
359,OLYMPUS BIOTECH
360,CARDINAL HEALTH MEDICAL PRODUCTS AND SERVICES
361,WELLS LOC - NEBRASKA MEDICAL CENTER
362,WYETH PHARMACEUTICALS
363,AMERISOURCEBERGEN
364,BERCHTOLD CORP
365,DRAEGER MEDICAL
366,SYNERGETICS
367,"IATRIC SYSTEMS, INC."
368,BIORAD LABORATORIES
369,BIP SUPPLIER 1
370,BIP SUPPLIER 2
371,EDWARDS LIFESCIENCES
372,AMERICAN MEDICAL SYSTEMS
373,PHYSIO CONTROL
374,CARL ZEISS MEDITEC INC
375,KRONOS INCORPORATED
376,Arjo Inc.
377,LAWSON PRODUCTS
378,MIZUHO AMERICA INC
379,ARTHROCARE
380,PHONAK
381,THERACOM INC
382,GENZYME BIOSURGERY INC
384,LANDAUER
385,ANX eBusiness
430,1Staff Training & Development
431,21St Image
432,3M
433,AAA RENTS
434,AB Sciex LLC
435,"ACCREDO HEALTH GROUP, INC"
436,ADVANCED INSTRUMENTS INC
437,ADVISORY BOARD COMPANY
438,AKORN INC
439,AMBRY GENETICS INC
440,AMERICAN COLLEGE OF PHYS EXECS
441,AMERIDOSE
442,AMERIPRIDE SERVICES INC
443,"American Tel-A-Systems, Inc"
444,APPLIED BIOSYSTEMS
445,ASI SIGNAGE Innovations
446,ASSESSMENT TECHNOLOGIES INST
447,AUREUS NURSING LLC
448,Accredo Therapeutics Inc
449,Alimed Inc
450,All Makes Office Equipment Co
451,Arthur L Davis Agency
452,BIOTRONIC MIDWEST LLC
453,Balcon Air & Water Balancing
454,Barnhart Press
455,Bausch and Lomb INC
456,Baxa Corporation
457,Baxter
458,Bergman Incentives
459,Bibbero Systems Inc
460,Biodex Medical Systems Inc
461,Bioplastics/Cyclertest Inc
462,CAE Healthcare
463,CRIMSON INITIATIVE
464,Calypso Med Technologies Inc
465,Capital Business Systems Inc.
466,Capital Express Inc
467,Carmichael Business Systems
468,Carolina Business Furniture
469,Centimark Corporation
470,Citrix Systems Inc
471,College of American Pathologists
472,Commonwealth Medical Labs
473,Continental Fire Sprinkler Co
474,Control Services Inc
475,Craftsman Window Coverings Inc
476,Creighton Medical Labs
477,CuraScript SD /Priority Health
478,Custom Biogenic Systems
479,Cyracom International LLC
480,D&D Communications
481,DIAMOND DISTRIBUTING COMPANY
482,Dasco Label
483,EMERGENCY CARE RESEARCH INSTITUTE
484,ELECTRICAL ENGINEERING & EQUIP
485,ELECTRONIC SOUND INC
486,EMERSON NETWORK POWER
487,EMPI
488,ENTHERMICS MEDICAL SYSTEMS
489,ETHICON ENDO SURGERY
490,EXCELSIOR MEDICAL
491,Echo Electric Supply
492,Eletech Inc
493,"Esoterix Genetic Laboratories, LLC"
494,Fastsigns
495,Follett Corporation
496,Frame Service
497,Fresh Concepts LLC
498,Gambro UF
499,Gcx Corporation
500,Genedx Inc
501,General Fire And Safety Omaha
502,Genzyme Genetics
503,Glaxosmithkline
504,Gold Standard Inc A/R
505,Goodwin Tucker Group
506,Governance Institute
507,Greeley Company
508,Guerbet LLC
509,HIRE4ED
510,Hamilton Equipment Co
511,Hancock & Dana PC
512,Hay Group Inc
513,Health Promotions Now
514,Helget Gas Products Inc
515,Heritage Food Service Equip IN
516,Hirease Incorporated
517,Hms Brown Baggers
518,Hobart Sales & Service
519,Hollister-Stier Labs Llc
520,Host Coffee Service
521,Husch Blackwell LLP
522,INNFINITY SOFTWARE SYSTEMS LCC
523,Infuscience
524,Innomed Inc
525,Integra Ohio Inc
526,International Catering Inc
527,International Technidyne Corp
528,Iris International
529,J F AHERN COMPANY
530,J P Cooke Company
531,Johnson Hardware Co
532,Joint Comm On Accreditation
533,Joint Commission Resources
534,Jones Day
535,Joslyn Art Museum
536,Kennedy Krieger Institute Inc
537,Key Masters
538,Keystone Glass Co
539,Koffel Associates
540,Lab RX Interiors Inc
541,Larue Distributing Inc
542,Liberty Lighting Inc
543,Life Systems Inc
544,Lifelink Of Florida
545,Lifenet Health
546,Linweld
547,MATHESON TRI-GAS INC
548,MOLECULAR PATHOLOGY LABORATORY
549,Mager Scientific Inc
550,Malibu Galleries
551,Maxim Healthcare Services Inc
552,Mayo Medical Laboratories
553,McKesson Pharmacy Systems & Plasma
554,McMaster-Carr Supply Company
555,Medical Anesthesia Assoc PC
556,Medigrafix Inc
557,Medtox Laboratories Inc
558,Metropolitan Utilities District
559,Mid America Council Bsa
560,Miller Electric Company Corp
561,"MiraVista Diagnostics, LLC"
562,Muth Electric Inc
563,NCVO-Neb Credentials Verific
564,NEVERS INDUSTRIES INC
565,NMC EXCHANGE LLC
566,National League For Nursing
567,Ncs Pearson
568,Nestle Usa
569,Nms Labs
570,Nuaire
571,OFFICE INTERIORS AND DESIGN
572,"OFS Brands, Inc."
573,OMAHA NEON SIGN CO
574,OMAHA@WORKSTAFFING
575,Onnen Company Inc
576,PERKINELMER GENETICS INC
577,PHARMEDIUM SERVICES LLC
578,PHILIPS RESPIRONICS INC
579,POSITIVE CONCEPTS
580,PRATT AUDIO VISUAL & VIDEO
581,PROVATION MEDICAL INC
582,Paragard Direct
583,Patterson Dental Supply Inc
584,Pearson Assessments
585,Pierce Communications
586,Plibrico Company LLC
587,Podany Promotions
588,Prevention Genetics LLC
589,Prometheus
590,QUADRAMED CORPORATION
591,Quest Software
592,RAI AMES OMAHA
593,RAY MARTIN COMPANY
594,RENAL ADVANTAGE INC
595,RURAL METRO MEDICAL SRV INC
596,Renze Display Company
597,SAFE CHECK EAST INC
598,SCOTTCARE CORP
599,SENTRIXX
600,EWT Holdings III Corp
601,SMITH MEDICAL
602,SMITHS MEDICAL ASD INC
603,SWISSLOG/TRANSLOGIC CORP
604,Scriptpro Usa Inc
605,Security Equipment Inc
606,Shelton-Dehaan Co Inc
607,Simplex Grinnell Lp
608,Stericycle Inc
609,SuperDimension Inc
610,Swisslog Healthcare Solutions INC
611,Synovis Micro Comp Alliance
612,"Sysmex America, Inc."
613,TALECRIS BIOTHERAPEUTICS INC
614,TALX UC EXPRESS
615,TERARECON INC
616,TRANSMOTION
617,TRUVEN HEALTH ANALYTICS INC
618,Tech Medical Services Inc
619,Tessiers Inc
620,Thompson Surgical Instruments
621,Tisco Surgical Instruments
622,Tosoh Bioscience Inc
623,UNIVERSAL BACKGROUND SCREENING
624,UNIWEB SYSTEMS
625,Ultra Air Llc
626,VERATHON MEDICAL
627,VISION-SCIENCES INC
628,Vantage Outsourcing
629,Verathon Inc
630,Voss Lighting
631,WALGREENS INFUSION & RESP
632,WESTROCK SOLUTIONS LLC
633,Xltek Inc.
634,ZYNX HEALTH INC
635,iRhythm Technologies Inc
636,M&M Staffing Inc
637,ECHO GROUP INC
638,COMMUNITY BLOOD CENTER - KANSAS
639,"PHYSICIAN'S REFERENCE LAB, LLC - KANSAS"
640,"HARMON CONSTRUCTION, INC."
641,"JOHNSON COUNTY, KS COUNTY TREASURER"
642,SOUTHWEST KANSAS EMERGENCY Physicians
643,LOCKTON COMPANIES
644,"INFOR (US), INC."
645,TRANSLOGIC CORPORATION
646,BE SMITH
647,MERCK & CO INC
648,POLSINELLI PC
649,STATE STREET GLOBAL ADVISOR
650,BRYAN CAVE LLP
651,"HELP SYSTEMS, LLC"
652,ONCOLOGY SUPPLY COMPANY
653,GE MEDICAL SYSTEMS INFORMATION TECHNOLOGIES
654,GE MEDICAL OEC
655,CAREERBUILDER
656,KEY SURGICAL
657,STERIS CORP
658,SIR SPEEDY
659,THE HOME DEPOT PRO
660,KRAMER & FRANK PC
661,"HEALTHSTREAM, INC"
662,HRS/ERASE INC
663,SHARED MEDICAL SERVICES
664,BAIRD KURTZ AND DOBSON
665,"EDCO GROUP, INC"
666,"EDCO HEALTH INFORMATION SOLUTIONS, INC."
667,HOSPITAL LINEN SERVICES
668,ANALOGIC CORPORATION
669,BIOTRONIK
670,USA MOBILITY WIRELESS
671,Tri Dim Filter Corporation
672,Airgas USA LLC.
673,PICIS
674,BLUE BELL BIOMED
675,THE BRICKMAN GROUP
676,DATAMAX
677,JE Dunn Construction Company
678,EVERGY KANSAS CENTRAL
679,SYSCO
680,EXECUTIVE HEALTH RESOURCES INC
681,UNUM LIFE INSURANCE
682,CITYWIDE MAINTENANCE CO
683,SUTURE EXPRESS
684,MCCOWN GORDON CONSTRUCTION
685,DIVERSIFIED CLINICAL SERVICES
686,ACI BOLAND INC
687,IPC THE HOSPITALIST COMPANY
688,HOCKENBERGS KANSAS CITY
689,ENTERPRISE COMMUNICATIONS
690,TOWNE PARK LTD
691,TERUMO MEDICAL CORPORATION
692,FENWAL
693,FRESENIUS KABI USA LLC
694,SPANGLER GRAPHICS
695,KC PRESORT LLC
696,REINHART FOODSERVICE LLC
697,VERTOS MEDICAL INC
698,MIT EQUITY LLC
699,"TRI-STAR ASSOCIATES, INC"
700,NEWCLIENTS
701,AGENDA USA
702,SEMPERMED USA
703,HOSPIRA WORLDWIDE
704,TEI BIOSCIENCES
705,TALYST INC
706,PRAXAIR
707,Mcgill Asbestos Abatement Co
708,Barnaby Printing Service
709,Medical Outsourcing Solutions Inc.  (Inactive)
710,DJO Global
711,"VPNA, LLC"
712,MCKESSON RELAYHEALTH
713,ATMOS ENERGY
714,MIDWEST COATING INC
715,ALL SYSTEMS INC
716,ULTRA CLEAN SYSTEMS
717,DEFFENBAUGH DISPOSAL SERVICE
718,PREMIER PLASTIC SURGERY
719,UHS SURGICAL SERVICES
720,PRECISION LENS
721,"Spiration, Inc."
722,ARTHROSURFACE INC
723,RESPIRONICS
724,Jubilat HollisterStier LLC
725,CARDINAL HEALTH 411
726,ALS AFFILIATES INC
727,SIEMENS MEDICAL SOLUTIONS
728,STM Suburban Publications
729,WDKB-FM
730,SWISSRAY INTERNATIONAL
731,Jubilant HollisterStier LLC
733,LIFE TECHNOLOGIES CORPORATION
734,Castle PrinTech
735,MASIMO CORPORATION
736,IBA Molecular
737,Metropolitan Chicago Health Care Council
738,INACTIVE - BSA Life Structures
739,DIAGNOSTIC HEALTH SERVICES
740,ADVANTAGE MEDICAL ELECTRONICS
741,CDW GOVERNMENT INC
742,BROWNS MEDICAL IMAGING
743,P1 GROUP INC
744,UNITED OFFICE PRODUCTS
745,MICROSOFT LICENSING GROUP
746,SICOIR COMPUTER TECHNOLOGIES
747,KANSAS CITY POWER AND LIGHT
748,NEUROSURGERY ASSOCIATES OF KANSAS
749,CARESTREAM HEALTH INC
750,WASTE MANAGEMENT WEST
751,CBS OUTDOOR
752,ACELL INC
754,"Rentokil North America, Inc."
755,NEBO SYSTEMS INC
756,OLATHE GOOD SAMARITAN
757,EASTERN AMBULANCE SERVICE INC
758,DIGITAL EVOLUTION GROUP
759,SURENCY LIFE AND HEALTH
760,INTEGRATED HEALTHCARE STRATEGIES
761,NIHON KOHDEN
762,EXECUTIVE FINANCIAL CONSULTANTS
763,MD SOLUTIONS INC
764,SCHEDULING.COM INC
765,OVERLAND PARK CONVENTION CENTER
766,ODELL SERVICE COMPANY INC
767,ROCHE DIAGNOSTICS CORP
768,ANGIOSCORE
769,ARIZANT HEALTHCARE INC
770,THE SSI GROUP INC
771,STANDARD TEXTILE
772,APPLETON MEDICAL SERVICES
773,BLUE CROSS BLUE SHIELD OF KC
774,PRIMAL CRITICAL CARE INC
775,ARROWHEAD CONTAINERS
776,ELEKTA INC
777,ALERE INFORMATICS INC
778,ALERE NORTH AMERICA INC
779,RTI SURGICAL
780,MIMEDX GROUP INC
781,OSIRIS THERAPEUTICS INC
782,PRACTICEMATCH CORPORATION
783,THOMAS MCGEE LC
784,LEIDOS HEALTH LLC
785,MEDIVATORS
786,STANDARD AND POORS
787,CLINICAL CHOICE
788,SEARCHAMERICA
789,CHEMTREAT INC
790,JOHNSON CONTROLS INC
791,TABEN GROUP
792,Pfizer Inc
793,OptumInsight Inc
794,XEROX CORPORATION
795,OLATHE PUBLIC SCHOOLS FOUNDATION
796,LEWIS AND CLARK INFORMATION
798,AFLAC GROUP
800,RICOH CORPORATION
801,SHI INTERNATIONAL
802,"AVANOS MEDICAL, INC."
803,"Biocomposites, Inc."
804,ASPEN MEDICAL PRODUCTS
805,SHRED IT
806,BLUE BELT TECHNOLOGIES INC
807,ONTRAC
808,SOLUTIONONE
809,McKesson Plasma and Biologics
810,BREG INC
811,AON HEWITT INVESTMENT CONSULTING INC
812,PREPAID LEGAL SERVICES INC
813,DVM INSURANCE AGENCY
814,FAVORITE HEALTHCARE STAFFING INC
815,LOOP 1 SYSTEMS INC
816,CULLIGAN OF GREATER KANSAS CITY
817,SIENTRA INC
818,GE CAPITAL
819,ORTHO CLINICAL DIAGNOSTICS
820,CONTINUITY OF OPERATION PLANNING LLC
821,UNIFIED IT CONSULTANTS
822,BLOOD SYSTEMS INC
823,TWO RIVERS PSYCHIATRIC HOSPITAL
824,Waters Medical Systems LLC
825,PAYNE AND BROCKWAY PA
826,TERRACON CONSULTANTS INC
827,HOSPICE MANAGEMENT PARTNERS LLC
828,FDSI LOGISTICS
829,HEALTHCARE SOURCE
830,GENZYME CORPORATION
831,CASCADE HEALTH SERVICES
832,MEURER MEDICAL LLC
833,ePlus Technology Inc
834,SOUND PRODUCTS INC
835,SIRIUS COMPUTER SOLUTIONS INC
836,INTEGRAL SOLUTIONS GROUP
837,"Hubbard, Ruzicka, Kreamer and Kincaid LC"
838,DIAMOND HEALTHCARE COMMUNICATIONS
839,Healthcare Consulting Services Inc
840,SOFTMART INC
841,DeMint Anesthesia Services LLC
842,NO KC ELECTRIC CO INC
843,Strickland Construction Co
844,TRUE NORTH OUTDOOR LLC
845,C and C Sales Inc
846,TRACT MANAGER INC
847,Allen Medical Systems
848,VOICE PRODUCTS INC
851,MEDASSURE
852,LEONARD BROTHERS COMMERCIAL FLOORS
853,HMN ARCHITECTS INC
854,CARSTENS HEALTH
855,DMS Health Technologies
856,LABORATORY CORPORATION OF AMERICA
857,RR DONNELLEY
860,MEDICAL CONSULTANTS NETWORK
861,ARBOR LINKS
862,AMERICAN MEDICAL ASSOCIATION
863,LEVY RESTAURANTS
864,CHAMPIONS RUN OMAHA
865,PAPILLION SANITATION
866,AKSARBEN THEATERS LLC
867,PROVIDENT LIFE AND ACCIDENT INSURANCE COMPANY
868,INNOMED TECHNOLOGIES
869,RONNOCO COFFEE LLC
870,GOOD SAMARITAN SOCIETY - OLATHE
871,BICKMORE
872,Aladdin Temp Rite
873,ALCO SALES AND SERVICE
874,ALSCO AMERICAN LINEN
875,AMO SALES
876,ASD SPECIALTY HEALTHCARE
877,BD BIOSCIENCES
878,BEEKLEY CORPORATION
879,CINTAS CORPORATION
880,CLARIENT DIAGNOSTICS
881,CLINICAL REFERENCE LABORATORY
882,CONE INSTRUMENTS
883,DATASPAN INC
884,DFINE INC
885,DORNIER MEDTECH AMERICA INC
886,CHANGE HEALTHCARE SOLUTIONS LLC
887,ERBE USA INC
888,G&K SERVICES INC
889,INPRO CORPORATION
890,LANX LLC
891,LEXION MEDICAL LLC
892,LUMEDX CORPORATION
893,MVAP MEDICAL SUPPLIES INC
894,PEVCO SYSTEMS INTERNATIONAL
895,POLY SCIENTIFIC R AND D CORP
896,POSITIVE PROMOTIONS
897,QIAGEN INC
898,SEBIA ELECTROPHORESIS
899,SHAMROCK SCIENTIFIC
900,SURGICAL PRINCIPALS INC
901,ULRICH USA MEDICAL INC
902,VITAL SIGNS INC
903,IMMUCOR GTI DIAGNOSTIC
904,DELTA DENTAL OF KANSAS
905,Enclara pharmacia
906,GREAT PLAINS DEVELOPMENT INC
907,PIPER JAFFRAY KANSAS CITY
908,Color Art Integrated Interiors
909,CROTHALL HEALTHCARE INC
910,CAYENNE MEDICAL
911,MICROLINE SURGICAL INC
912,CCH INCORPORATED
913,CLIA LABORATORY PROGRAM
914,KONE INC
915,MEDIFAX INC
916,NAVILYST MEDICAL INC
917,COMP-RAY INC
918,FAIR HEALTH INC
919,AIRWATCH INC
920,AGILYSYS NV LLC
921,AMEDICA CORP
922,CADWELL LABRATORIES
923,Catholic Health Associates of the US
924,CRAWFORD DIVERSIFIED
925,DECATUR AMBULANCE SERVICE
926,FLEX STAFF
927,FRYE WILLAMSON PRESS
928,GARRATT CALLAHAN CO
929,NEXXTWORKS
930,NOVANIS IT SOLUTIONS
931,OAKLEY SERVICES
932,SCHAERER MEDICAL
933,SOLUTION MATRIX
934,THOMSON REUTERS WEST
935,TRONITECH
936,AIRMASTERS
937,CY WAKEMAN
938,DIGISONICS
939,HYLAND SOFTWARE
940,KING LAR CO
941,MAVERIK MARKETING
942,SPRINGFIELD ELECTRIC
943,SURGICAL SPECIALISTS
944,VISUAL SYSTEMS GROUP INC
945,WELLNESS COUNCIL OF AMERICA
946,FUJIFILM Medical Systems USA
947,IRON MOUNTAIN
948,RESMED
949,TALYST SYSTEMS LLC
950,SCANLAN INTERNATIONAL INC
951,FRYE WILLIAMSON PRESS
952,ATTACHMATE
953,HIGH POINT NETWORKS
954,WORLDWIDE TELECOM SOLUTIONS
955,FITBIT INC
956,CLINT PHARMACEUTICALS INC
957,CUSTOM MEDICAL SPECIALTIES INC
958,LIFENET INC.
959,XYBIX SYSTEMS INC
960,HITACHI MEDICAL SYSTEMS AMERICA INC
961,SOLARWINDS INC
962,DIAGNOSTEMPS
963,KEI MEDICAL IMAGING SERVICES
964,ANGELICA TEXTILE SERVICES INC
965,MIDAIR AIR CONDITIONING AND HEATING INC
966,HENRY SCHEIN
967,CARL ZEISS MICROSCOPY LLC.
968,SODEXO OPERATIONS LLC
969,ACI GIFT CARDS INC
970,OPTUM360 LLC
971,"HEALTHTRONICS MOBILE SOLUTIONS, LLC"
972,AMS SALES LLC
973,BRAINSELL TECHNOLOGIES LLC
974,APRIMA MEDICAL SOFTWARE INC
975,PROSTAR SERVICES INC
976,TRIAD SERVICE SOLUTIONS INC
977,REGUS CORPORATION
978,FLATIRONS MARKETING PRINT AND MAIL
979,UNITED CHESTER INDUSTRIES INC
980,BSC SUPPLY LLC
981,ADD STAFF INC
982,GIAMBROCCO PRODUCE COMPANY INC
983,4ALL PROMOS LLC
984,SUNBEAM FOODS INC
985,BOSTON MEDICAL PRODUCTS
986,CORTECH LABS INC
987,BANYAN INTERNATIONAL
988,AM BEST COMPANY INC
989,Coeur Inc
990,EON ENTERPRISES INC
991,MASTERCRAFT PRINTED PRODUCTS AND SERVICES INC
992,THE STEWART ORGANIZATION INC
993,KNIGHT JANITORIAL SERVICES INC
994,INFINITY HEALTHCARE
995,PENTAX MEDICAL
996,HEALTH MANAGEMENT ASSOCIATION
997,SOUTHERN BUS AND MOBILITY
998,ANDERSON ELECTRIC
999,ARAMARK UNIFORM SERVICES
1000,ASCEND LEARNING HOLDINGS
1001,BB ELECTRIC
1002,BACON VAN BUSKIRK GLASS
1003,BENNETT ELECTRONIC SERVICE
1004,BURLINGTON MEDICAL
1005,CENTRAL ILLINOIS SIGN
1006,CLINICAL SOLUTIONS
1007,CULLIGAN
1008,ENDOCHOICE INC
1009,FABRIC CLEAN SUPPLY
1010,FH ORTHOPEDICS INC
1011,GILSON ENTERPRISES
1012,GOLF GREEN CHRISTMAS
1013,MEDICS FIRST INC
1014,METAL DECOR
1015,MIDWEST DNA DRUG TEST
1016,MP Acquisition
1017,NELSON OIL
1018,NETWORK KNOWLEDGE
1019,NEW WORLD MEDICAL
1020,NIEMAN FOODS
1021,PACIFIC MEDICAL SUPPLY
1022,RICHARDS MEDICAL EQUIPMENT
1023,SAVING SIGHT
1024,TQM LABS
1025,ULTRA SOLUTIONS
1026,US DRUG TESTING LABS
1027,CARDIOVASCULAR SYSTEMS INC
1028,LEARFIELD COMMUNICATIONS INC
1029,GEAR FIVE INC
1030,PAYFACTORS GROUP LLC
1031,ADVANCED DISCOVERY INC
1032,VERISK HEALTH INC
1033,RAXCO SOFTWARE INC
1034,AQUA SERVICE COMPANY
1035,AVAILITY LLC
1036,AVAYA INC
1037,BUSS FORD
1038,M FRIED STORE FIXTURES
1039,MATRIX BROADCASTING LLC
1040,MEDFUSION INC
1041,SHAW SUBURBAN MEDIA GROUP
1042,STAN'S OFFICE MACHINES INC
1043,THH ACQUISITION LLC
1044,GETTY IMAGES INC
1045,ALTHOFF INDUSTRIES INC
1046,BULL VALLEY GOLF CLUB
1047,GEHRKE TECHNOLOGY GROUP INC
1048,MEDICAL REGENERATIONS INC
1049,NEXUM INC
1050,COMPLETE PROFESSIONAL CLEANING SERV INC
1051,ULINE INC
1052,LIMA USA
1053,"ON-SITE STUDIOS, LLC"
1054,TEE JAY SERVICE COMPANY INC
1055,COMCAST HOLDINGS CORPORATION
1056,NXC IMAGING
1057,"IZI MEDICAL PRODUCTS, LLC"
1058,A RIFKIN CO
1059,APPLIED INFORMATION MANAGEMENT INSTITUTE INC
1060,DORMA USA INC
1061,EVERSIGHT
1062,HUEMANN WATER MANAGEMENT INC
1063,LINCOLN PRO BASEBALL INC
1064,NEBRASKA CREDENTIALS VERIFICATION ORGANIZATION INC
1065,ORTHOSCAN INC
1066,PITNEY BOWES SOFTWARE INC
1067,PUBLISHING CONCEPTS INC
1068,HEMOSTASIS LLC
1069,PADDOCK PUBLICATIONS INC
1070,PREMIUM RX NATIONAL LLC
1071,QUOTIENT BIODIAGNOSTICS INC
1072,ACAMARD TECHNOLOGIES INC
1073,VIAWEST INC
1074,BIOMEDICAL ENTERPRISES INC
1075,CLASSIC PARTY RENTALS
1076,GEN-DIAGNOSTICS INC
1077,RJ FITNESS SERVICES
1078,ASTORA WOMEN'S HEALTH LLC
1079,ZEN-TEL INC
1080,INDEPTH GRAPHICS AND PRINTING INC
1081,LEWIS PAPER INTERNATIONAL INC
1082,RF TECHNOLOGIES INC
1083,PASSPORT HEALTH COMMUNICATIONS INC
1084,PROGRAM ONE PROFESSIONAL BUILDING SERVICES INC
1085,HERMES COMPANY INC
1086,"CLEVELAND DOOR CONTROLS, INC"
1087,AGILITY RECOVERY SOLUTIONS INC
1088,ASAHI INTECC USA INC
1089,LABORATORY SUPPLY COMPANY INC.
1090,SMS SYSTEMS MAINTENANCE SERVICES INC
1091,AQUA PURE ENTERPRISES INC
1093,NIEMANN FOODS
1094,Radiophone Engineering Inc.
1095,Fisher & Paykel Healthcare Inc
1096,"Fields Mechanical Systems, Inc."
1097,Connelly Plumbing Co.
1098,"Cheetah Medical, Inc."
1099,"Elite Irrigation Services, LLC"
1100,"Progressive Medical, Inc."
1101,Frontline Medical Communications
1102,Neogenomics Laboratories Inc
1103,"Fenex Consulting, LLC"
1104,Tennant Sales And Service Company
1105,CHICAGO OFFICE TECHNOLOGY
1106,US ELECTRIC
1107,"IntelliHartx, LLC"
1109,Visa Test Account STP
1110,"Taylor Communications, Inc."
1111,McKesson Medical Surgical
1112,"United Analytical Services, Inc."
1113,"Grace Medical, Inc."
1115,"Prodigo Solutions, Inc."
1116,"Midwest Combustion Solutions, Inc."
1117,American Medical Response
1118,"Ricoh USA, Inc."
1119,Life Insurance Company of North America
1120,Turner Construction Company
1121,"Somnomed, Inc."
1122,"Mainline Medical, Inc."
1123,"iContracts, Inc."
1124,Door Hangers Direct
1125,Academy of Medical Surgical Nurses
1126,"Aya Healthcare, Inc."
1127,National Student Clearinghouse
1128,AMSBIO LLC
1129,"American Mechanical Services of Houston, LLC"
1130,Inion Inc.
1131,"Medical Equipment Services of Kansas, Inc."
1132,"Ascend Surgical Sales, LLC"
1133,Bio-Medical Equipment Service Company
1134,Apollo Endosurgery US Inc
1135,"HEPACart, Inc."
1136,Copycat Printing
1137,"Retrievex, Inc."
1138,IssueTrak
1139,Sozo American Cuisine
1140,Johnstone Supply
1141,"Kearney Tire & Auto Service, Co"
1142,"Kidwell, Inc."
1143,LIPS Printing Service
1144,"Wright Medical Technology, Inc."
1145,"Biscom, Inc."
1146,"Wright's Media, LLC"
1147,"Paramount Linen & Uniform Rental, Inc."
1148,Midland Medical Supply
1149,"VVS, Inc."
1150,Eakes Inc
1151,FDC Publishing of the Midwest
1152,"MMC Mechanical Contractors, Inc."
1153,"Norm's Plumbing, Heating & A/C, Inc."
1154,Frontier Home Medical
1155,Uniforms Etc.
1156,Midwest Products II LLC
1157,Trane U.S. Inc.
1158,"Pathology Services, PC"
1159,AMSCAN
1160,McKesson Technologies
1161,Good Samaritan Hospital
1162,Sunbelt Rentals
1163,Fastenal Company
1164,"Xtant Medical, Inc"
1165,"The Marena Group, LLC"
1166,Heme Perfusion
1167,Sayler Screenprinting
1168,StormWind
1169,Humanscale Corporation
1170,Ability Network
1171,Tomato Tomato
1172,Wave Interactive
1173,Burton Prosthetics
1174,BioFire Diagnostics
1175,One Lambda
1176,Avinger
1177,Nevro
1178,"Canon Financial Services, Inc."
1179,Windstream
1180,Cox Communications
1181,UNJURY Protein
1182,Zimmerman Printing
1183,Miltenyi Biotech
1184,Nobel Biocare
1185,Trinity Biotech
1186,Biocare
1187,Family Physical Therapy
1188,Glaukos
1189,Medical Z
1190,BBJ Linen
1191,"Biocompatibles, Inc"
1192,Baylis Medical Company Inc.
1193,Verizon Wireless
1194,Bioventus LLC Supartz
1195,Yankee Candle
1196,Alliance Medical Physics
1197,Hospital Bank Test Supplier
1198,"Anything Imprints, Inc."
1199,"Bates Water Solutions, Inc."
1200,Genomics
1201,"OriGen Biomedical, Inc"
1202,Phenomenex Inc
1203,Temptime Corporation
1204,"UltraLinq Healthcare Solutions, Inc"
1205,Passy Muir Inc
1206,MicroAire Surgical Instruments LLC
1207,"FCI Ophthalmics, Inc"
1208,Hardy Diagnostics
1209,Prosci Inc
1210,Zest Anchors Inc
1211,"Office Depot, Inc."
1212,"BMC Software, Inc."
1213,"Invotec International, Inc."
1214,Bio-Tissue Inc
1215,Iris Technologies International
1216,"Midland Scientific, Inc"
1217,"Instrumentation Industries, Inc"
1218,R&J Olsen Inc
1219,"AccuPro Professional Services, Inc."
1220,Havel's Inc
1221,Alpha Omega Co
1222,Parametrics Medical
1223,OSCOR
1224,Promega Corporation
1225,Alpha-Tec Systems
1226,Remington Medical
1227,Sigma Aldrich Inc
1228,Cadmet Inc
1229,Vector Laboratories
1230,Clinical Technology Inc
1231,Allosource
1232,Entellus Medical
1233,Typenex Medical
1234,"Oculus Surgical, Inc"
1235,Epimed International
1236,Diapharma Group
1237,Integrated DNA Technologies
1238,Abe's Trash Service
1239,Alexander Open Systems
1240,Beaver Visitec International
1241,BSN Medical
1242,The Binding Site
1243,"Corn and More, Inc"
1244,Brown Transfer Company
1245,"Association of Operating Room Nurses, Inc"
1246,Ambu Inc
1247,The Spectranetics Corporation
1248,Plasma Surgical
1249,Ecolab Inc.
1250,Iridex Corporation
1251,"D.T. Davis Enterprises, Ltd"
1252,Ekos Corporation
1253,Incisive Surgical Inc
1254,Curbell Medical Products Inc
1255,Heartland Printing & Equipment Co
1256,Epicor Software Corporation
1257,"FairWarning Technologies, Inc"
1258,"Globus Medical North America, Inc"
1259,Healthmark Industries Co
1260,American Medical Response of Maricopa
1261,"Independent Investors, Inc"
1262,Carl Zeiss Vision
1263,GP Marketing LLC
1264,"Deman Data Systems, LLC"
1265,Health Care Logistics Inc
1266,"Healthfuse, LLC"
1267,DATASHIELD CORPORATION
1268,Kforce Inc.
1269,Intuitive Surgical Inc.
1270,Dial Medical Supply
1271,DART CONTAINER CORPORATION
1272,"Creative Printing, Inc."
1273,"Murr's Printing Beaufort, Inc."
1274,"Tusk Enterprises, LLC"
1275,"Strata Decision Technology Holdings, LLC"
1276,"ROLLINS, INC."
1277,"TriMed, Inc"
1278,"ReadyTech-Go, Inc"
1279,"SOFTROL SYSTEMS, INC."
1280,TELCOR INC
1281,O'KEEFE ELEVATOR COMPANY
1282,OneNeck IT Solutions LLC
1283,IBS Solutions Corporation
1284,Midwest Scientific Inc.
1285,Mediatech Inc
1286,"Immuno-Mycologics, Inc."
1287,"US FOODS, INC"
1288,SVS LLC
1289,"Baby-Friendly USA, Inc"
1290,"SLMP, LLC"
1291,Merrick Inc.
1292,"Edge Bio Systems, Inc."
1293,Direct Surgical Equipment
1294,Liebel Flarsheim Company LLC
1295,Skeletal Dynamics LLC
1296,"Spinefrontier, Inc."
1297,SimplyWell LLC
1298,Meeks Plumbing Inc.
1299,SKYTRON LLC
1300,MEDONE SURGICAL INC
1301,"MEDEGEN MEDICAL PRODUCTS, LLC"
1302,LABORIE MEDICAL TECHNOLOGIES CORP
1303,"Sonodepot, Inc"
1304,Ortho Development
1305,"Neurovirtual USA, Inc"
1306,MICROSURGICAL TECHNOLOGY
1307,HOBBY PRESS
1308,"FREEDOM MEDICAL, INC."
1309,MidAmerican Energy Company
1310,OSSUR AMERICAS INC
1311,LENOVO INC
1312,Midwest Medical Transport Company
1313,"Neotract, Inc."
1314,"Wexler Surgical, Inc."
1315,"Mid-America Service Solutions, LLC"
1316,"Belimed, Inc"
1317,CEB Inc.
1318,"CONCORDANCE HEALTHCARE SOLUTIONS, LLC"
1319,MIDMARK CORPORATION
1320,"LOFFREDO GARDENS, INC"
1321,"nexAir, LLC"
1322,"American Contract Systems, Inc."
1323,LAERDAL MEDICAL CORPORATION
1324,NATIONAL PAPER COMPANY INC
1325,MedComp
1326,"GRAYBAR ELECTRIC COMPANY, INC"
1327,ConvaTec Inc.
1328,MEDICAL SOLUTIONS LLC
1329,"Cura Surgical, Inc."
1330,Genesis Biosystems Inc
1331,"MedGyn Products, Inc."
1332,"ACTION BATTERIES UNLIMITED, INC"
1333,"Osteogenics Biomedical, Inc"
1334,Stemcell Technologies Inc
1335,Corporate Caddie Janitorial
1336,"ANDOVER HEALTHCARE, INC."
1337,"DD Traders, Inc"
1338,"Ovesco Endoscopy USA, Inc."
1339,Gebauer Company
1340,"Executive Coffee Service, Inc."
1341,Handi-Craft Company
1342,"Oasis Medical, Inc."
1343,Bayer Healthcare LLC
1344,TSI Incorporated
1345,Ace Surgical Supply Co Inc
1346,"3T Medical Systems, Inc."
1347,"The Alternative Source Medical, LLC"
1348,"ARC MEDICAL, INC"
1349,"Alamo Biologics, LLC"
1350,All Points Direct Corporation
1351,"Medacta USA, Inc"
1352,Daniel W. Ross
1353,"World Wide Technology, Inc."
1354,"GNJ ASSOCIATES, INC"
1355,"Belair Instrument Company, LLC"
1356,Fagron Inc
1357,Valley Surgical
1358,"Lightning Intermediate Holdings, LLC"
1359,"MERGE HEALTHCARE SOLUTIONS, INC"
1360,"Lightedge Solutions, Inc."
1361,"Joint Restoration Foundation, Inc"
1362,"THE RHINO GROUP, INC"
1363,"Tollos, Inc."
1364,"San Joaquin Chemicals, Inc."
1365,"TRANSONIC SYSTEMS, INC"
1366,Infinum Health LLC
1367,"Alsco, Inc."
1368,Best Plumbing Specialties Inc.
1369,"Automatic Door Systems, Inc."
1370,ZeptoMetrix
1371,Cancer Genetics Inc.
1372,Pace Supply Corp
1373,HP Inc
1374,"Cianna Medical, Inc."
1375,"HealthDirect Institutional Pharmacy Services, Inc."
1376,Cardinal Health 110
1377,"MEDSHORTS, LLC"
1378,Cardinal Health 100
1379,"Iredale Cosmetics, Inc."
1380,Johnson Controls Fire Protection
1381,GE MEDICAL SYSTEMS ULTRASOUND & PRIMARY CARE
1382,"NCI, INC"
1383,"BARCODES, LLC"
1384,ESSC INC
1385,RICHARD COFFMAN
1386,Medi-Physics Inc
1387,Towers Watson Delaware Inc.
1388,"AcSel Medical Solutions, LLC"
1389,"CentreTEK Solutions, LLC"
1390,WEST INTERACTIVE SERVICES CORPORATION
1391,CenterPoint Group
1392,Vocera Communications
1393,Regal Printing Company
1394,Graphic Controls Acquisitions Corp
1395,Healthsmart International
1396,Posey Products LLC
1397,Irvine Scientific
1398,Elman & Company
1399,QGenda
1400,Triose inc
1401,Superior Uniform Group Inc.
1402,Ansell USA Inc.
1403,Bolton Medical
1404,Exergen Corporation
1405,"Albahealth, LLC"
1406,Dale Medical Products Inc.
1407,American Well Corporation
1408,SBS Services Group LLC
1409,"Professional Products, Inc"
1410,American Air Filter Company
1411,CS MEDICAL LLC
1412,"ImpediMed, Inc."
1413,"Oticon Medical,LLC"
1414,Allen Medical International
1415,"Mulhall's Nursery, Inc."
1416,"DatCard Systems, Inc"
1417,HELMER INC
1418,FLEXERA SOFTWARE LLC
1419,SpineSmith Holdings
1420,NICO Corporation
1421,"Carbofix Orthopedics, Inc."
1422,ANIXTER INC
1423,"MEDICAL OPTICS, LLC"
1424,"Penske Truck Leasing Co., L.P."
1425,AXOGEN CORPORATION
1426,Pressure Products Medical Supplies
1427,AMERICAN SURGICAL SPECIALTIES COMPANY
1428,O & M HALYARD
1429,"Amazon Capital Services, Inc."
1430,FedEx Freight Inc
1431,American Society of Health-System Pharmacists
1432,A&E Medical Corp
1433,MEDI USA
1434,"MED Alliance Group, Inc."
1435,Bionix Development Corporation
1436,American Diagnostic Corporation
1437,"GF Health Products, Inc."
1438,"HULL ANESTHESIA, INC."
1439,The ScottCare Corporation
1440,"PLASCO ID HOLDINGS, LLC"
1441,"PACIFIC COMMERCIAL SERVICES, LLC"
1442,ISOAID LLC
1443,"ESAOTE NORTH AMERICA, INC"
1444,BIOCARE MEDICAL LLC
1445,"VANTAGE ID APPLICATIONS, INC"
1446,MELTWATER NEWS US INC
1447,"Modern Litho - Kansas City, LLC"
1448,"VECTOR SURGICAL, LLC"
1450,LARRY J LEONARD
1451,"RESPIRATORY TECHNOLOGIES, INC."
1452,"Expand-A-Band Medical, LLC"
1453,PALL CORPORATION
1454,RHYTHMLINK INTERNATIONAL LLC
1455,Becton Dickinson and Company
1456,GE Precision Healthcare LLC
1457,"BR Fremont Health Center Investments, LLC"
1458,"Onkos Surgical, Inc."
1459,"Sentec, Inc."
1460,"Global Focus Marketing and Distribution, Ltd"
1461,"Clearflow, Inc."
1462,Staples Contract & Commercial
1463,Dish Network
1464,"Healthcare Waste Management, Inc."
1465,TMJ Concepts
1466,"Dean Foods North Central, LLC"
1467,ISTO BIOLOGICS
1468,Cygnus Medical LLC
1469,SPS MEDICAL SUPPLY CORP
1470,"ADVANCE MEDICAL DESIGNS, INC."
1471,Ovid Technologies Inc
1472,Cepheid
1473,BRACCO DIAGNOSTICS INC
1474,ACIST MEDICAL SYSTEMS INC
1475,CIVCO Medical Instruments Co Inc
1476,JA Sexauer
1477,Spin Linen Management
1478,Pajunk Medical Systems L.P.
1479,Johnson Controls Security Solutions
1480,"Macon & Company, Inc."
1481,"DFS Holding Company, Inc"
1482,Teleflex LLC
1483,510 GEYSER LLC
1484,JRN DEVELOPMENT LLC
1485,U.S. BANK NATIONAL ASSOCIATION
1486,CAPITAL DISTRICT PHYSICIAN'S HEALTHCARE NETWORK
1487,ADIRONDACK REGIONAL PHYSICS SERVICES LLC
1488,Northeastern Radiation Oncology PLLC
1489,"Troy Ambulance Service, Inc."
1490,"Sitecore USA, Inc."
1491,"Pacific Medical Group, Inc."
1492,"Building Control and Services, Inc."
1493,Culligan of Kearney
1494,"SYSTEMS 4, LLC"
1495,Topeka Foundry & Iron Works
1496,NEBRASKA METHODIST US BANK
1497,Cerk Security LLC
1498,"In2Bones USA, LLC"
1499,Murdock Flooring
1500,Life Spine Inc
1501,MAGMEDIX INC
1502,Mothers' Milk Bank of North Texas
1503,"Beacon Communications, LLC"
1504,"Augustine Surgical, Inc"
1505,Elite Door Service LLC
1506,"COL 323 Professional Services, LLC"
1507,"SpineGuard, Inc."
1508,"Artoss, Inc."
1509,"ASE Direct, Inc."
1510,"Aircool Tech-ACT, Corporation"
1511,"Bio Med Sciences, Inc."
1512,"Fusion Orthopedics, LLC"
1513,"Pro Spine, LLC"
1514,"Schiller Americas, Inc"
1515,TELA Bio Inc.
1516,Rebound Restorative Prosthetics
1517,Horizon Orthotic & Prosthetic Experience
1518,"Pulmonair, LLC"
1519,"Isolation Door Caddy, LLC"
1520,Bar Ray Products Inc
1521,Medfix International LLC
1522,"Material Flow & Conveyor Systems, Inc."
1523,"Sunrise Services, Inc."
1524,Osborn Medical Corp.
1525,"Signs, Wraps, and Moore, LLC"
1526,"Southern Safety Sales, Inc."
1527,Implantable Devices
1528,"NuTech Spine, Inc"
1529,"Implanet America, Inc."
1530,"Protex Central, Inc"
1531,Microtek Medical Inc.
1532,Cornerstone Interior Design Inc.
1533,Infab Corporation
1534,Kearney Floral Co
1535,Cape Cod Systems Corporation
1536,"Magpie Safety Systems, LLC"
1537,"ASN, Inc"
1538,"Federal Funding Group, LLC"
1539,"AeroCare Medical Transport System, Inc."
1540,"AVI Systems, Inc."
1541,"Carolina Autotransfusion, Inc."
1542,"Paragon 28, Inc"
1543,"Medical Outsourcing Solutions, Inc."
1544,M. W. Powell Company Inc.
1545,"Pepper Medical, Inc"
1546,York's Medical Solutions LLC
1547,BK Medical Holding Company Inc
1548,Culligan Water Services
1549,Stimwave LLC
1550,Evergreen Orthopedic Research Lab
1551,"Acute Care Education Systems, Inc"
1552,CTL Medical Corporation
1553,M D Technologies Inc.
1554,Medical Consultants Network Inc
1555,"Medical Specialties, Inc"
1556,Optim LLC
1557,"S.C. Medical Overseas, Inc."
1558,Ravinia Festival Association
1559,1495 Tasty Corp.
1560,"Ives EEG Solutions, LLC"
1561,Flower Orthopedics Corporation
1562,Darin Ryan
1563,"Louisiana Rehab Products, Inc."
1564,PITNEY BOWES GLOBAL FINANCIAL SERVICES
1565,Abbott Diabetes Care Inc
1566,Abbott Molecular Inc
1567,Abbott Vascular Inc
1568,Moon Corporation
1569,"FIRE DOOR SOLUTIONS, LLC"
1570,Zentel Tech LLC
1571,"Turbett Surgical Equipment, Inc"
1572,"Acevision Ultrasound, LLC"
1573,"Mesa Electronics, Inc"
1574,Learfield IMG College
1575,"Experis US, Inc."
1576,RPS Inc.
1577,"Sciton, Inc"
1578,Inc-Sys
1579,"Restore Tek, Inc."
1580,"Enviro Resources II, Inc."
1581,Direct Fitness Solutions LLC
1582,Precision Control Systems of Chicago
1583,DJO Bracing & Support
1584,Mike's lightbulb store
1585,Mike's fake supplier
1586,"More Diagnostics, Inc"
1587,"Electrical Energy Experts, LLC"
1588,"Party-Mates, Inc"
1589,Gordon Hardware LLC
1590,"ER Express, LLC"
1591,Avancer Corporation
1592,"NovaBone Products, LLC"
1593,"Johnson Floor Company, Inc."
1594,Linde Gas North America LLC
1595,"OPt1, Inc."
1596,"One, Inc."
1597,AmerisourceBergen Drug Corporation
1598,Winfield Fire Protection District
1599,"Nephron Sterile Compounding Center, LLC"
1600,Dept. 11 Inc.
1601,"Fettes, Love & Sieben, Inc."
1602,"Mar Cor Purification, Inc."
1603,AQUA PURE SOLUTIONS INC
1604,"NORTHEASTERN WATER SERVICES, INC"
1605,"OVE WATER SERVICES, INC"
1606,LITE TECH INC
1607,"VANGUARD RESOURCES, INC"
1608,City of Olathe
1609,ABB Inc
1610,"Castor Research, Inc"
1611,"JOERNS WOUNDCO HOLDINGS, INC"
1612,Hayes Mechanical LLC
1613,Accurate Translation Bureau
1614,"McGuffin Creative Group, Inc."
1615,Ingenico Inc
1616,J. A. S. Commercial Cleaning Service
1617,Pine Acres Rehabilitiation & Living Center
1618,"H&R Accounts, Inc."
1619,Rugged Systems Inc.
1620,ValueMed Inc
1621,"Alabama Imaging, LLC"
1622,Cleaver Brooks Sales and Service
1623,Allcomm Inc.
1624,"Choice Spine, LLC"
1625,"Door Control, Inc."
1626,"ABS MED, Inc."
1627,A & B Interiors Inc.
1628,"Florida Business Technologies, LLC"
1629,Northeastern Striping Corp
1630,American Air Environmental Services
1631,Near North Health Center Corporation
1632,Enzyme Solutions Inc
1633,"AQC Austin, LLC"
1634,"Censis Technologies, Inc."
1635,2 Advise Inc
1636,Redwood Software Inc
1637,All Healthcare Staffing LLC
1638,Air-O2 Care Inc.
1639,AMT Medical Staffing Inc
1640,Cameron Medical LLC
1641,"Celling Spine, LLC"
1642,Integrity Surgical Sales LLC
1643,MEDCO MANUFACTURING LLC
1644,Advanced Research Company
1645,Amazing Restoration Inc
1646,Accountable Healthcare Staffing
1647,CABLEXPRESS CORPORATION
1648,BARTON & ASSOCIATES INC
1649,Laundry in the D
1650,AMERICAN COLLEGE OF CARDIOLOGY
1651,1st Choice Delivery
1652,AMERICAN NURSES CREDENTIALING CENTER
1653,ADVANCED CRITICAL DEVICES
1654,C H Harris Inc
1655,Butler Foods of Pensacola Inc
1656,Mueller Communications LLC
1657,Microbiome Health Research Institute
1658,Champion Maintenance and Construction
1659,Beacon Hill Staffing Group
1660,"STEAMGARD, LLC"
1661,"DCI Donor Services, Inc."
1662,Test Supplier D - Do not use
1663,"C.B.S., Inc."
1664,"Chicago Records Management, Inc"
1665,"BSA LifeStructures, Inc"
1666,A1 Answering Service Inc
1667,Backer Services Inc
1668,"CardioQuip, LLC"
1669,Captiva Spine Inc.
1670,AvaCare Inc.
1671,Seven Thirty-One LLC
1672,Piland Adams and Associates Inc
1673,Snow City Arts Foundation
1674,QSA Enterprises LLC
1675,Locum Dosimetry Services LLC
1676,Copy Cat Inc.
1677,"Marquee Event Group, Inc."
1678,"Bright Event Rentals, LLC"
1679,LUKE KELLER
1680,ChartWise Medical Systems Inc
1681,Final Touch Commercial Cleaning
1682,Allied Industries Inc
1683,Acme Housekeeping Service
1684,"St. Paul Computer Center, Inc"
1685,"CardioFocus, Inc"
1686,CKB Enterprises Inc
1687,Catalyst OrthoScience Inc
1688,Fastaff LLC
1689,Apax Glass Inc
1690,Wichita Water Conditioning Inc.
1691,"Perfect Timing Personnel Services, Inc."
1692,"ESO Solutions, Inc"
1693,"Anda, Inc"
1694,Casalini Photography Incorporated
1695,Scrip Inc
1696,Ascend National LLC
1697,AeroScout LLC
1698,Bruce Lytle and Associates Consulting
1699,Alliance ENT & Hearing Center
1700,Creative Kong Inc
1701,"RAC Distributors, Inc"
1702,"California Water, Inc."
1703,"OnCourse Information Services, Inc."
1704,"Halo Innovations, Inc."
1705,Energy Logix
1706,"Veran Medical Technologies, Inc."
1707,"Customized Communications, Inc"
1708,"Great American Picture Co., Inc."
1709,Card In Hand Supplier
1710,"Cenorin, LLC"
1711,American Proficiency Institute
1712,Radiation Service of Indiana
1713,"Southern Indiana Surgery, Inc."
1714,Applied Statistics and Management
1715,"SurgicalOne, Inc."
1716,"Injoy Productions, Inc"
1717,CANDELA CORPORATION
1718,VERTIV CORPORATION	
1719,"ShockWave Medical, Inc"
1720,"MORRIS DESIGNS, INC"
1721,A-S Medication Solutions
1722,Heffron Company Inc
1723,Cintas Corporation No. 2
1724,NYLife Office Holdings REIT LLC
1725,Diversatek Healthcare
1726,Netdocuments Software Inc.
1727,"Nephropathology Associates, PLC"
1728,One Diversified LLC
1729,"A&B Equipment & Sons, Inc"
1730,"Richard-Allan Scientific, LLC"
1731,"EHOB, Inc."
1732,"Symphion, Inc."
1733,PWC of Florida
1734,WELLSKY CORPORATION
1735,"TogetherMD, LLC"
1736,Civic Center Marin LLC
1737,Zanello 1998 Trust
1738,Morrison Express Corporation
1739,MOSS AUDIO CORPORATION
1740,"CROSSROADS EXTREMITY SYSTEMS, LLC"
1741,Northfield Medical Inc.
1742,Sunset Healthcare Solutions
1743,Cole Industries Incorporated
1744,ALMA LASERS INC.
1745,HSRE Core Holding I
1746,SEBIA INC
1747,ZEUS Scientific
1748,Quest Pharmaceuticals Inc
1749,"R.W. LaPine, Inc."
1750,O.V.R.S. Acquisition Corp
1751,Mauna Kea Technologies
1752,"3H & I, LLC"
1753,DeGen Medical Inc
1754,"SYSERCO, INC"
1755,Express Services Inc.
1756,"Go To Services, LLC"
1757,Glaze Communications Service Inc
1758,"Marshfield Clinic Health System, Inc"
1759,CRV Surveillance LLC
1760,Health Choice Enterprises LLC
1761,FoxFuel Creative LLC
1762,K & C Systems LLC
1763,Danco Construction Inc
1764,Fulcrum Network Inc
1765,COVERSA
1766,CellTrak Technologies Inc
1767,High Ground Medical Inc
1768,Stefan Niels Wietse Kirkeby
1769,York Electronic Systems Inc.
1770,Teknicor USA Inc.
1771,Ethos Corporation
1772,Gallup Inc
1774,Reliante Medical Inc
1775,BR2 LLC
1776,RESULTS BASED LEADERSHIP GROUP INC
1777,Safe Chain Solutions
1778,Balestrieri Environmental & Development
1779,"Gauss Surgical, Inc"
1780,Reproductive Health Specialists PC
1781,Alliance Healthcare Solutions
2783,"Hospitalist Medicine Physicians of Texas, PLLC"
2784,"PrinterPrezz, Inc"
2785,"InfuSystem, Inc."
2786,Mr. Courier
2787,"Profiles, Inc"
2788,Beaux Arts Group
2789,"AZ-JS, LLC"
2790,"joimax, Inc."
2791,American College of Radiology
2792,Felix Global Corp
2793,Icon Systems Inc
2794,Faleswitch Construction Services
2795,Tankserv 360
2796,Mainly Water LLC
2797,CAREstream Medical
2798,Learning Resources
2799,Blickman Industries LLC
2800,OnTarget Jobs Inc
2801,Independent Printing Company
2802,Healing Strings Music
2803,Murray Building Company Inc
2804,"Trice Medical, Inc"
2805,Aurora Spine Inc
2806,Pure Processing LLC
2807,Bulow BioTech Prosthetics LLC
2808,Gentry Company
2809,JTS Management Inc
2810,"Orthotic Prosthetic Solutions, LLC"
2811,Altus Partners LLC
2812,"Telecom Outsourcing, LLC"
2813,Laser Ventures Inc
2814,"IMMI Digital Imaging, Inc"
2815,Visionem Inc
2816,InstyMeds Corporation
2817,Flooring Solutions Inc
2818,"1st Line Medical, LLC"
2819,"Rothco Signs & Design, Inc"
2820,Digital Group LLC
2821,Fuel Tank Cleaners of Florida
2822,DNE LLC
2823,Caire Inc.
2824,Kinetec USA Inc
2825,Streamline Solutions LLC
2826,Strategic Marketplace Initiative
2827,Workscapes Inc.
2828,Healthcare Infection Control Solutions
2829,Symbology Enterprises Incorporated
2830,RSAnalysis
2831,"STILLE CONSULTING, INC."
2832,DELL MARKETING LP
2833,Princeton Brain & Spine LLC
2834,"HEAR Wisconsin, lnc."
2835,"Maternity House Publishing, Inc."
2836,Enovate Medical
2837,SOUTH WESTERN COMMUNICATIONS
2838,Commission on Accreditation of Allied Health Educa
2839,Arrow Audio Inc.
2840,Top to Bottom
2841,STV SPORTS MEDICINE & ORTHOPEDICS
2842,A. Messe Supply
2843,"Corsair Quality Cleaning, Inc."
2844,Haemonetics Corporation
2845,Commerce Construction Services Inc
2846,Indispensable Health LLC
2847,American Health Staffing Group
2848,Relias LLC
2849,Bottling Group LLC
2850,BMJ Publishing Group Limited
2851,Handicare USA Inc
2852,BeeZee Pest Control
2853,BK Meditech USA
2854,Hershey Creamery Company
2855,Support Warehouse LTD
2856,Manna Laundry Equipment
2857,Matsunami Glass USA
2858,Brubella Incorporated
2859,Jefferson Medical & Imaging
2860,D'Ambrisi Wholesale Foods LLC
2861,Surgical Orthopedic Implants
2862,T&D Machine Handling Inc
2863,Endoscopy Care Solution Inc
2864,"Monarch Risk Management, LP"
2865,Ultimate Safety Inc
2866,Gould Motorsports
2867,Ezra Penland Actuarial Recruitment Inc
2868,Boost Test GHX
2869,"Torsilieri, Inc."
2870,Johnson County Anesthesiologists
2871,"DNH Medical Management, Inc."
2872,WATERCO OF THE HUDSON VALLEY
2873,Nationwide Power Solutions Inc
2874,Endocare Inc
2875,"Precision Medical, Inc."
2876,SGI Matrix
2877,YourMembership.com
2878,ASG Technologies Group
2879,Amazon.com Services
2880,BioLegend
2881,Mallory Safety & Supply
2882,Advanced Equipment
2883,Jones Steves Attorney's At Law
2884,Flowonix Medical
2885,AED SUPERSTORE
2886,"Sonnenblick, Parker & Selvers, PC"
2887,"Alberto & Associates, Inc."
2888,Lyons Construction LLC
2889,Byron Home Inc
2890,Able Nurses Inc
2891,MedeAnalytics
2892,Boost Test AT&T
2893,NIKON INSTRUMENTS
2894,"Exchange Cart Accessories, Inc"
2895,Signal Medical Corporation
2896,"MSM Products, LLC"
2897,Kelly Dawn Systems Inc
2898,Beachside Clinic Inc
2899,Trail Ridge Products
2900,Med-Net Healthcare Consulting
2901,ReUnion Rx LLC
2902,Rocket Medical LLC
2903,CSI Industries Inc
2904,Bunnell Incorporated
2905,T-System
2906,The Stelter Company
2907,Lawrence Lin
2908,LocumTenens.com LLC
2909,Guidehouse Inc.
2910,DS Services of America
2911,"FreedomPay, Inc"
2912,"Surgical Direct, Inc"
2913,Protex LLC
2914,Touchpoint Media
2915,"PelvicBinder, Inc."
2916,Spectrotel Holding Company LLC
2917,OBP Medical Corporation
2918,Stimlabs LLC
2919,Evanston Technology Partners
2920,Southernaire Investments LLC
2921,Association of American Medical Colleges
2922,Test supplier SelfEnrollment
2923,Qualtrics
2924,Organ Recovery Systems
2925,Shannon Global Energy Solutions
2926,"Orthofix Spinal Implants, Inc."
2927,BIO-MEDICAL DEVICES INTERNATIONAL
2928,"James P. Sheldon Company, Inc."
2929,"Custom Logos, Inc."
2930,"Evolution Medical Products, Inc."
2931,"Intelligent Business Solutions, Inc."
2932,"Santa Cruz Biotechnology, Inc."
2933,Limbs & Things
2934,"Chatfield Air Ambulance, INC"
2935,"ECOM Medical, Incorporated"
2936,"Gifted Nurses, LLC"
2937,"XS Supply, LLC"
2938,ALK Abello
2939,Thomas Scientific
2940,Robert Half International Inc.
2941,Automatic Ice Makers
2942,VIS-A-VIS INC
2943,"Molecular Matrix, Inc."
2944,Lee Ceramic Tile & Stone
2945,CS Surgical Inc
2946,"Diasol, Inc."
2947,"Endonovo Therapeutics, Inc"
2948,MSB Communications
2949,Rotella's Italian Bakery
2950,Pettit's Pastry
2951,Silentia Inc.
2952,"Embolx, Inc."
2953,JOHN WILEY & SONS
2954,"Fire Power Boiler Services, LLC"
2955,Prism Color Corporation
2956,"Shoulder Innovations, Inc."
2957,"Old Dominion Eye Foundation, Inc."
2958,"Westcoast Brace & Limb, Inc"
2959,L&M Heating and Cooling
2960,Spiezle Architectural Group
2961,"OPGEN, Inc."
2962,Elder Elegance Salon Mgmt. Inc.
2963,"Noble Tech Services, Inc."
2964,HOCKENBERGS EQUIPMENT & SUPPLY COMPANY
2965,"JJS Electric, Inc."
2966,Michael UVA
2967,"Sound Stage, Inc"
2968,"Current Medical Technologies, Inc"
2969,PDM Group
2970,"Southeastern Orthotics & Prosthetics, Inc."
2971,"Respiratory Motion, Inc."
2972,Stewart Business Systems LLC
2973,Flight Suits
2974,Great Plains Uniform
2975,"Grifols Diagnostic Solutions, Inc."
2976,SHR Del Partners LP
2977,Quest Medical Equipment Inc
2978,Calyx
2979,GREEN MOUNTAIN ELECTRIC SUPPLY
2980,VELTEK ASSOCIATES
2981,Sample Medical Supplier
2982,Hyland LLC
2983,"Sunmed, LLC"
2984,"Lone Star Pharmaceuticals, Inc."
2985,"HCI, Human Capital Institute"
2986,K&S H2O Inc
2987,Gulf Coast Pharmaceuticals Plus
2988,GREATDATA COM INC
2989,"Letco Medical, LLC"
2990,"Henrick Construction, Inc."
2991,LexisNexis Risk Data Management Inc
2992,340B Health
2993,"711 Print Enterprises, Inc."
2994,Vitalitec International
2995,Teton Data Systems
2996,KJCKD
2997,Bulbtronics
2998,"Dupaco, Inc."
2999,Jacks Maintenance Service Inc
3000,"Hutfles and Associates Government Relations, LLC"
3001,Markably
3002,"EndoGastric Solutions, Inc."
3003,Dytec Corporation
3004,Tecan US
3005,Rosh Review
3006,"Towne Holdings, INC"
3007,Lumenis
3008,Lombart Brothers
3009,"Crown Pharmaceuticals, Inc."
3010,Trego Johnson Enterprises
3011,All Purpose Medical Supplier
3012,Saphena Medical
3013,"National Seating & Mobility, Inc."
3014,DILIGENT CORPORATION
3015,Implant Resource Inc
3017,Temporary Heating Technologies
3018,"QuVa Pharma, Inc"
3019,"Elite Biomedical Solutions, LLC"
3020,RetinaVue P.C.
3021,Generic Medical Supplier
3022,Generic Demo Supplier
3023,Hoodz of Omaha-Lincoln
3024,"Software One, Inc."
3025,Interpace Diagnostics Corporation
3026,E O Johnson Company Inc
3027,"InTouch Technologies, Inc."
3028,Fidelity Insurance Life Insurance Company
3029,"In.Site Art Consultants, Inc."
3030,C. Coakley Relocation Systems So
3031,CAPSA SOLUTIONS
3032,Medical Graphics Corp
3033,Nalco Company
3034,N.B.S. Management
3035,Vijay Corporation
3036,Kapp Surgical
3037,Surgical Concepts
3038,ABC Demo Supplier
3039,"Ivantis, Inc."
3040,SGI Matrix LLC
3041,Sharecare Health Data Services
3042,Gaumard Scientific Company
3043,Bertelsmann Learning LLC
3044,Ivy Biomedical Systems
3045,Accord Financial
3046,"DIVERSIFIED PRINTING SERVICES, INC"
3047,GHX Demo Provider ACH1
3048,GHX Demo Supplier Card1
3049,General Demo ACH Supplier
3050,GHX Demo Supplier EDI 1
3051,GHX Demo Supplier EDI 2
3052,GHX Demo Supplier EDI 3
3053,Demo Medical Vendor
3054,6567 Test Supplier
